lemma,verdict,section,note
be,covered,predication.md,
have,gap,,
you,covered,pronouns.md,
he,covered,pronouns.md,
they,covered,pronouns.md,
that,covered,dependents.md#dependent-clauses,
we,covered,pronouns.md,
with,gap,,
this,covered,hooks.md#deixis,
i,covered,pronouns.md,
do,gap,,
as,covered,english.md#as,
she,covered,pronouns.md,
will,covered,say-tense.md#future,
or,covered,joins.md#choice-o,
say,gap,,
so,covered,dependents.md#result-pole,
all,covered,knowing.md#universality,
would,covered,say-tense.md#tense-jobs,
about,covered,english.md#about,
can,covered,say-tense.md#can-may,
know,gap,,
more,covered,comparatives.md#comparatives-e,
get,gap,,
make,covered,causation.md#make,
what,covered,questions.md,
some,covered,numbers.md#digitless,
other,gap,,
good,gap,,
people,gap,,
take,gap,,
well,covered,say-questions.md#well,
just,gap,,
come,gap,,
could,covered,say-tense.md#can-may,
work,gap,,
than,covered,comparatives.md#comparatives-e,
now,covered,say-tense.md#tense-jobs,
then,covered,joins.md#clause-joins,
also,gap,,
into,gap,,
only,covered,joins.md#beginner-forms,
give,gap,,
new,gap,,
way,gap,,
any,covered,joins.md#unspecified-member-r,
where,covered,questions.md#where,
thing,gap,,
most,covered,comparatives.md#full-comparative-arity,
should,covered,say-tense.md#must-should,
need,gap,,
much,covered,comparatives.md#vague-amounts,
right,gap,,
how,covered,questions.md,
mean,gap,,
even,covered,dependents.md#dependent-clauses,
here,covered,hooks.md#deixis,
many,covered,comparatives.md#vague-amounts,
such,covered,pronouns.md#how-english-approximates-r,
last,gap,,
really,gap,,
call,gap,,
life,gap,,
place,gap,,
long,gap,,
too,covered,comparatives.md#vague-amounts,
lot,covered,comparatives.md#vague-amounts,
both,covered,joins.md#join-type-vowel-series,
own,gap,,
little,gap,,
help,gap,,
ask,gap,,
talk,gap,,
put,gap,,
another,gap,,
each,covered,plurality.md#adjectives-g,
high,gap,,
off,gap,,
world,gap,,
might,covered,say-tense.md#can-may,
must,covered,say-tense.md#must-should,
report,gap,,
group,gap,,
case,gap,,
let,covered,say-tense.md#will-want,
keep,gap,,
every,covered,knowing.md#universality,
set,gap,,
follow,gap,,
important,gap,,
since,covered,english.md#as,
under,gap,,
few,covered,comparatives.md#vague-amounts,
move,gap,,
name,gap,,
read,gap,,
large,gap,,
word,gap,,
hold,gap,,
though,covered,dependents.md#dependent-clauses,
increase,gap,,
result,gap,,
away,covered,hooks.md#deixis,
example,covered,hooks.md#stacked-discourse,
happen,gap,,
offer,gap,,
close,gap,,
thank,covered,sakes.md#thanks-sorry,
far,gap,,
today,gap,,
less,covered,comparatives.md#amount-scale,
room,gap,,
reason,gap,,
form,gap,,
level,gap,,
once,gap,,
member,gap,,
enough,covered,comparatives.md#vague-amounts,
bad,gap,,
city,gap,,
able,covered,say-tense.md#can-may,
whether,covered,questions.md#embedded-whether,
line,gap,,
side,gap,,
term,gap,,
least,covered,comparatives.md#full-comparative-arity,
low,gap,,
within,gap,,
often,covered,comparatives.md#frequency-scale,
possible,gap,,
actually,covered,hooks.md#discourse-hooks,
view,gap,,
together,covered,plurality.md#adjectives-g,
product,gap,,
almost,covered,numbers.md#special-number-as-stance,
whole,gap,,
yet,covered,knowing.md#phasal,
expect,gap,,
sort,gap,,
water,gap,,
allow,covered,sakes.md#permission,
soon,covered,say-tense.md#tense-jobs,
base,gap,,
probably,covered,numbers.md#number-as-stance-by-marker,
past,gap,,
test,gap,,
grow,gap,,
nothing,covered,joins.md#full-single-item-and-standalone-inventories,
matter,gap,,
mind,gap,,
stay,gap,,
remember,covered,knowing.md#live-vs-memory,
bit,covered,clause.md#degree-w,
real,gap,,
answer,gap,,
figure,gap,,
decide,covered,intention.md,
subject,gap,,
class,gap,,
break,gap,,
clear,gap,,
either,covered,joins.md#choice-o,
ago,covered,say-tense.md#tense-jobs,
per,covered,say-amounts.md#per-unit,
remain,gap,,
top,gap,,
among,covered,hooks.md#extra-noun-stacked-vowels-and-loose-m,
involve,gap,,
period,gap,,
type,gap,,
sound,gap,,
music,gap,,
free,gap,,
moment,gap,,
further,covered,hooks.md#discourse-hooks,
body,gap,,
require,covered,sakes.md#requirement,
general,gap,,
team,gap,,
easy,gap,,
individual,gap,,
full,gap,,
sense,gap,,
add,gap,,
pass,gap,,
law,gap,,
situation,gap,,
shop,gap,,
above,gap,,
event,gap,,
special,gap,,
condition,gap,,
table,gap,,
certain,covered,numbers.md#special-number-as-stance,
main,gap,,
cut,gap,,
strong,gap,,
maybe,covered,knowing.md#hold-endings-may,
else,covered,questions.md#fill-ask,
particular,gap,,
role,gap,,
join,gap,,
please,covered,speech-moves.md#speech-act,
detail,gap,,
action,gap,,
step,gap,,
true,covered,questions.md#polar-stance,
draw,gap,,
date,gap,,
practice,gap,,
model,gap,,
front,covered,roles.md#landmark-facing,
behind,covered,roles.md#landmark-facing,
teacher,gap,,
land,gap,,
sign,gap,,
regard,covered,english.md#about,
act,gap,,
quality,gap,,
accord,covered,knowing.md#live-vs-memory,
list,gap,,
kid,gap,,
measure,gap,,
certainly,covered,numbers.md#special-number-as-stance,
standard,gap,,
percent,covered,numbers-applied.md#percent-and-percentage-points,
focus,gap,,
space,gap,,
single,gap,,
address,gap,,
mention,gap,,
total,gap,,
demand,covered,sakes.md#requirement,
limit,gap,,
complete,gap,,
personal,gap,,
patient,gap,,
current,gap,,
exist,gap,,
similar,gap,,
fine,gap,,
particularly,gap,,
prepare,gap,,
piece,gap,,
suppose,covered,knowing.md#hold-endings-notional,
apply,gap,,
source,gap,,
firm,gap,,
foreign,gap,,
factor,gap,,
recently,gap,,
affect,gap,,
drop,gap,,
recent,gap,,
relate,gap,,
official,gap,,
miss,gap,,
art,gap,,
inside,gap,,
wonder,gap,,
section,gap,,
myself,covered,pronouns.md,
exactly,gap,,
plant,gap,,
press,gap,,
whatever,covered,joins.md#unspecified-member-r,
region,gap,,
evening,gap,,
thus,gap,,
skill,gap,,
simple,gap,,
stock,gap,,
fit,gap,,
yesterday,gap,,
size,gap,,
population,gap,,
fail,gap,,
contract,gap,,
alone,gap,,
series,gap,,
direct,gap,,
tomorrow,gap,,
clearly,covered,speech-moves.md#speech-manner,
depend,gap,,
race,gap,,
purpose,gap,,
mark,gap,,
item,gap,,
anyone,covered,joins.md#full-single-item-and-standalone-inventories,
below,gap,,
sorry,covered,sakes.md#thanks-sorry,
despite,covered,say-reasons.md#english-cues,
strike,gap,,
seek,gap,,
ability,gap,,
unit,gap,,
target,gap,,
pull,gap,,
treat,gap,,
yourself,covered,pronouns.md,
worth,gap,,
relation,gap,,
file,gap,,
deep,gap,,
fill,gap,,
generally,gap,,
match,gap,,
avoid,gap,,
associate,gap,,
positive,gap,,
huge,gap,,
style,gap,,
push,gap,,
quarter,gap,,
assume,gap,,
reference,gap,,
argument,gap,,
document,gap,,
search,gap,,
separate,gap,,
hair,gap,,
useful,gap,,
property,gap,,
previous,gap,,
imagine,covered,knowing.md#hold-endings-notional,
perform,gap,,
mine,covered,english.md#of,
object,gap,,
prefer,gap,,
completely,gap,,
nor,covered,joins.md#join-type-vowel-series,
agency,gap,,
fix,gap,,
ahead,covered,roles.md#viewpoint-laterals,
candidate,gap,,
legal,gap,,
conversation,gap,,
shape,gap,,
immediately,gap,,
welcome,gap,,
agent,gap,,
replace,gap,,
generation,gap,,
estimate,gap,,
favorite,gap,,
independent,gap,,
stick,gap,,
exchange,covered,relations.md#exchange,
count,gap,,
scene,gap,,
invite,gap,,
admit,gap,,
handle,gap,,
trial,gap,,
context,gap,,
directly,gap,,
remove,gap,,
otherwise,gap,,
title,gap,,
extra,gap,,
primary,gap,,
absolutely,gap,,
fair,gap,,
hang,gap,,
negative,gap,,
band,gap,,
relative,gap,,
pair,gap,,
double,gap,,
observe,gap,,
sentence,gap,,
truth,gap,,
nobody,covered,joins.md#full-single-item-and-standalone-inventories,
lay,gap,,
slightly,covered,clause.md#degree-w,
intend,covered,intention.md,
percentage,covered,numbers-applied.md#percent-and-percentage-points,
partner,covered,relations.md#social-relations,
grant,covered,sakes.md#permission,
expert,gap,,
surface,gap,,
edge,gap,,
fully,gap,,
shift,gap,,
net,gap,,
category,gap,,
neither,covered,joins.md#join-type-vowel-series,
left,covered,roles.md#viewpoint-laterals,
solve,gap,,
tool,gap,,
circumstance,gap,,
schedule,gap,,
hide,gap,,
bag,gap,,
extremely,covered,clause.md#degree-w,
plane,gap,,
chapter,gap,,
mostly,gap,,
currently,gap,,
path,gap,,
settle,gap,,
fresh,gap,,
engineer,gap,,
somewhere,covered,hooks.md#place-indefinites,
commit,covered,intention.md#endings-—-commitment,
relatively,gap,,
host,gap,,
actual,gap,,
consideration,gap,,
code,gap,,
possibly,covered,knowing.md#hold-endings-may,
impossible,covered,intention.md#can-t-xe-xo-xu,
pack,gap,,
recall,covered,knowing.md#live-vs-memory,
totally,gap,,
route,gap,,
bind,gap,,
belong,gap,,
taste,gap,,
decrease,gap,,
sight,gap,,
gift,gap,,
quote,gap,,
basically,gap,,
mainly,covered,joins.md#beginner-forms,
manner,covered,english.md#by,
square,gap,,
occasion,gap,,
familiar,gap,,
fairly,covered,clause.md#degree-w,
ought,covered,sakes.md#prescription-the-ought-this-act-for-this-sake,
studio,gap,,
proper,gap,,
description,gap,,
error,gap,,
relevant,gap,,
internal,gap,,
device,gap,,
root,gap,,
rank,gap,,
strongly,gap,,
brand,gap,,
insist,gap,,
grade,gap,,
previously,gap,,
largely,gap,,
shot,gap,,
theme,gap,,
definition,gap,,
atmosphere,gap,,
permit,covered,sakes.md#permission,
empty,gap,,
unique,gap,,
instrument,gap,,
practical,gap,,
lovely,gap,,
soft,gap,,
bottle,gap,,
sheet,gap,,
outcome,gap,,
blame,covered,causation.md#fault,
explanation,gap,,
stretch,gap,,
tiny,gap,,
native,gap,,
ordinary,gap,,
participant,gap,,
entry,gap,,
somewhat,gap,,
joint,gap,,
weak,gap,,
reject,gap,,
ban,gap,,
unable,covered,intention.md#can-t-xe-xo-xu,
joke,gap,,
besides,covered,questions.md#fill-ask,
properly,gap,,
closely,gap,,
chart,gap,,
rare,gap,,
intention,covered,intention.md,
equally,covered,comparatives.md#equatives-ae-shared-scale,
pursue,gap,,
prior,gap,,
priority,gap,,
phrase,gap,,
vast,gap,,
immediate,gap,,
seed,gap,,
imply,gap,,
self,gap,,
boss,covered,relations.md#social-relations,
assumption,gap,,
extreme,covered,clause.md#degree-w,
observation,gap,,
king,gap,,
collapse,gap,,
dish,gap,,
defeat,gap,,
proud,gap,,
slide,gap,,
personally,gap,,
approximately,covered,numbers.md#number-endings,
climate,gap,,
exception,covered,hooks.md#discourse-hooks,
mathematics,gap,,
aside,gap,,
gene,gap,,
criteria,gap,,
criticism,gap,,
plain,gap,,
premise,gap,,
grateful,gap,,
toy,gap,,
fault,covered,causation.md#fault,
exhibit,gap,,
storm,gap,,
peer,gap,,
deeply,gap,,
ultimately,gap,,
upset,gap,,
dispute,gap,,
agenda,gap,,
honest,gap,,
slight,covered,clause.md#degree-w,
virtually,covered,numbers.md#special-number-as-stance,
secondary,gap,,
string,gap,,
false,gap,,
formula,gap,,
anymore,covered,knowing.md#phasal,
rarely,covered,comparatives.md#vague-amounts,
badly,gap,,
everyday,gap,,
withdraw,gap,,
furniture,gap,,
strain,gap,,
trail,gap,,
pose,gap,,
inner,gap,,
similarly,gap,,
pure,gap,,
quantity,gap,,
newly,gap,,
frequency,gap,,
conventional,gap,,
rough,gap,,
tube,gap,,
characterize,gap,,
exact,gap,,
anticipate,gap,,
dependent,gap,,
specialize,gap,,
anxiety,gap,,
precisely,gap,,
universal,gap,,
twin,gap,,
compound,gap,,
mess,gap,,
regret,gap,,
resist,gap,,
absolute,gap,,
tendency,gap,,
float,gap,,
mutual,gap,,
roughly,covered,numbers-applied.md#ranges,
praise,gap,,
deficit,gap,,
modify,gap,,
literally,gap,,
assign,gap,,
pile,gap,,
stake,gap,,
possession,gap,,
fold,gap,,
strict,gap,,
concrete,gap,,
distinct,gap,,
menu,gap,,
narrative,gap,,
barely,gap,,
firmly,gap,,
interior,gap,,
catalog,gap,,
weekly,gap,,
bite,gap,,
firstly,gap,,
vessel,gap,,
verb,gap,,
filter,gap,,
abstract,gap,,
precise,gap,,
stranger,gap,,
slice,gap,,
gentle,gap,,
unite,gap,,
wipe,gap,,
registration,gap,,
fragment,gap,,
noun,gap,,
lazy,gap,,
found,gap,,
