emoji,stem,left,join,right,concrete,abstract,mnemonic
🛏️,ebedalahevo,ebeda,l,ahevo,bedroom,sanctum,bed specifying house is the sleeping room; sanctum is a guarded inner place
🚿,abevalahevo,abeva,l,ahevo,bathroom,,bath specifying house is the washing room
🧥,erehelaguda,erehe,l,aguda,raincoat,,rain specifying coat is weather-shell clothing
📗,azawolubuga,azawo,l,ubuga,textbook,canon,school specifying book is the assigned text; canon is the set text treated as given
📓,aradelubuga,arade,l,ubuga,writing-book,,writing specifying book is for notes
🚒,avahelahevo,avahe,l,ahevo,firehouse,,fire specifying house is the station that answers fire
🪴,evevelahevo,eveve,l,ahevo,greenhouse,forcing,flower specifying house grows plants under glass; forcing is heat-driven growth you cannot see as a room
🫂,unelebeza,une,l,ebeza,friend,allegiance,bond specifying person is a friend; allegiance is the unobservable sidedness
👨‍👩‍👧,ahadelebeza,ahade,l,ebeza,parent,,child specifying person is a parent
🔔,owelebevo,owe,l,ebevo,doorbell,,door specifying bell is the call at the threshold
🏫,ahadelazawo,ahade,l,azawo,kindergarten,,child specifying school is early-years school
🚶,owogalal,owoga,l,al,enter,,walk cited -l plus in is enter
🚶,owogalam,owoga,l,am,mill-amid,,walk cited -l plus amid is mill-amid
🚶,owogalaol,owoga,l,aol,mount,,walk cited -l plus on is mount
🚶,owogalaom,owoga,l,aom,cover,,walk cited -l plus over is cover
🚶,owogalol,owoga,l,ol,attend,,walk cited -l plus at is attend
🚶,owogalom,owoga,l,om,adjoin,,walk cited -l plus near is adjoin
🚶,owogaloel,owoga,l,oel,head-for,,walk cited -l plus toward is head-for
🚶,owogaloem,owoga,l,oem,orient,,walk cited -l plus in-the-direction-of is orient
🚶,owogalul,owoga,l,ul,leave,,walk cited -l plus from is leave
🚶,owogalum,owoga,l,um,recede,,walk cited -l plus away-from is recede
🚶,owogalual,owoga,l,ual,exit,,walk cited -l plus out-of is exit
🚶,owogaluam,owoga,l,uam,pick-out,,walk cited -l plus out-from-among is pick-out
🚶,owogaluol,owoga,l,uol,traverse,,walk cited -l plus through is traverse
🚶,owogaluom,owoga,l,uom,relay,,walk cited -l plus by-way-of is relay
🚶,owogalel,owoga,l,el,serve,,walk cited -l plus for is serve
🚶,owogalem,owoga,l,em,keep-in-view,,walk cited -l plus with-in-mind is keep-in-view
🚶,owogalael,owoga,l,ael,wield,,walk cited -l plus using is wield
🚶,owogalaem,owoga,l,aem,channel,,walk cited -l plus by is channel
🚶,owogaluel,owoga,l,uel,oppose,,walk cited -l plus against is oppose
🚶,owogaluem,owoga,l,uem,defy,,walk cited -l plus contrary-to is defy
