emoji,concrete,root,abstract,mnemonic,english_by_pos,english_aliases
👓,glasses,agaza,clarity,glasses sharpen what you see; clarity is seeing clearly,,
😀,grin,egeva,delight,grin shows delight,,glad; pleasant; joy; happiness; enjoy
🙂,face,aveza,,,,cheek
😅,phew,uvuyu,,,,
😂,laugh,alavo,amusement,laugh signals amusement,,laughter; humor
🙃,upside-down,aboza,irony,upside-down face marks irony,,
🫠,melt,emehu,,,,fade; disappear
😉,wink,ewega,courtship,a wink is a flirt; courtship is the unobservable bid,,
😊,smile,azaha,goodwill,a smile signals goodwill; goodwill is the unobservable friendly intent,,
😇,halo,eheye,,,,
🥰,love,alava,cherished,love names the loved one; cherished is the unobservable standing,,dear
😍,crush,agaya,obsession,crush means infatuation; obsession is the unobservable capture of attention,,
🤩,starstruck,azuda,awe,starstruck is awe,,fascinate; impress
😘,air-kiss,eraha,,,,
🥲,tear-smile,adeza,,,,
😋,yummy,ayaha,tempting,yummy looks tempting,,
😛,raspberry,arabe,mockery,"raspberry teases; mockery is the stance, not the gesture",,
😜,tease,adeze,banter,a playful tease; banter is friendly mockery,,
🤪,zany,ezeha,crazy,zany means crazy,,silly; mad
🤑,greed,egedo,wealth,greed hungers for wealth,,asset; wealthy; rich; poor
🤭,gasp,ageza,shock,gasp at a shock,,
🫣,peek,ebaga,surveillance,peek to spy; surveillance is watching without being the seen act,,monitor; glance
🤫,hush,aheha,confidentiality,hush means whisper,,
🤔,think,evega,doubt,think shows doubt,,understand; consider; consideration; reckon
🫡,salute,azadu,respect,a salute honors someone; respect is honoring their worth,,civil; admire
🤐,secret,ezege,discretion,secret lips stay discreet,,private
🤨,skeptical,azegu,suspicion,a raised brow doubts someone; suspicion is expecting something is wrong,,suspect
😐,neutral,onu,impartiality,a neutral face takes no side; impartiality is judging without favor,,
😑,deadpan,edada,apathy,a deadpan face shows apathy,,
😶,speechless,ezebo,silence,speechless means silence,,silent
🫥,invisible,aneve,neglect,the faded face goes unseen; neglect is being left unattended,,ignore
😏,smirk,ezeyu,smugness,smirk shows smugness,,
😒,unimpressed,anebe,disdain,unimpressed shows disdain,,
🙄,eye-roll,arahe,dismiss,eyeroll dismisses an idea,,
😬,grimace,egeye,awkwardness,grimace shows awkwardness,,
😮‍💨,sigh,azawo,,,,
🤥,lie,alaha,deception,lie is deception,,
🙂‍↔️,head-shake,ehede,refusal,a headshake means refusal,,reject
🙂‍↕️,nod,anade,agreement,yes nod means agreement,,
😌,relief,ereva,calm,relief brings calm,,
😔,pensive,ebaze,melancholy,pensive face shows melancholy,,sad; depression
😪,sleepy,ezebu,torpor,sleepy eye shows drowsiness; torpor is the unobservable low arousal,,
🤤,drool,uduho,craving,drool shows craving,,hunger
🫩,bleary,abeye,fatigue,bleary eyes show fatigue,,
😷,mask,amazo,illness,a medical mask marks the sick; illness is being unwell,,
🤒,sick,ezega,pathology,sick means illness; pathology is the unobservable condition-kind,,disease; ill; symptom
🤕,injured,enehe,harm,injured means hurt; harm is the unobservable detriment,,damage; hurt; injury; wound; abuse
🤢,nauseated,onoze,contamination,nauseated shows disgust; contamination is the unobservable reading that something is tainted,,pollution; dirty
🤮,vomit,avado,revulsion,vomit shows revulsion,,
🤧,sneeze,ezeza,infection,sneeze signals a cold; infection is the unobservable spread,,cough
🥵,hot,ahado,fever,hot face means fever,,
🥶,cold,ogode,,,,
🥴,woozy,uwuze,intoxication,woozy shows intoxication,,
🤯,mind-blown,amabo,astonishment,a mindblown head bursts with astonishment,,
🤠,ranch,arahu,ruggedness,ranch work is rugged living,,
🥳,party,abade,commemoration,party means celebration; commemoration is the unobservable marking,,celebrate; festival
🥸,disguise,adega,anonymity,disguise hides identity,,
😎,cool,uguha,chill,cool means chill,,
🤓,nerd,enedo,geekiness,nerd shows geekiness,,
😕,confused,agavu,perplexity,confused shows perplexity,,
😟,worried,eweda,concern,worried shows concern,,
☹️,frown,avawo,disfavor,a frown shows disfavor; disfavor is the unobservable judgment against,,complaint
😮,surprise,azeba,amazement,surprise shows amazement,,sudden; amaze
😳,blush,abohe,embarrassment,blush shows embarrassment,,embarrass; ashamed
🥺,plead,ebeya,appeal,pleading eyes appeal,,charm
🥹,touched,adadu,,,,
😨,fear,evehe,threat-appraisal,fear means dread; threat-appraisal is the unobservable reading of danger,,afraid; scare; frighten
😰,anxious,anago,apprehension,anxious means anxiety; apprehension is the unobservable expected harm,,nervous; anxiety
😭,cry,agahu,anguish,sob shows anguish,,pain; depress
😱,scream,ezoge,horror,scream shows horror,,
😞,disappointed,edebo,disillusion,disappointed shows disappointment; disillusion is the unobservable fall from a frame,,
😓,stressed,ezedo,tension,stressed face shows tension,,disturb
😩,weary,eweve,spentness,weary means exhaustion; spentness is the unobservable empty tank,,
😫,tired,adada,burnout,tired means fatigue; burnout is the unobservable spentness of a person,,exhaust
🥱,yawn,oyayo,monotony,yawn shows boredom; monotony is the situation offering nothing new,,bore
😤,huff,ahevu,,,,
😡,rage,ereho,destructiveness,rage means fury; destructiveness is the unobservable will to wreck,,destroy; destruction
😠,angry,anege,hostility,angry means anger; hostility is the unobservable stance toward another,,hate; aggressive
🤬,curse,egeze,profanity,cursing shows profanity,,damn
😈,devil,edeva,mischief,devil shows mischief,,vice; evil
💀,skull,azaga,death,skull means death,,die; dead
☠️,crossbones,ogozo,danger,skull warns danger,,dangerous
💩,poop,ububa,vulgarity,poop is vulgarity,,
🤡,jest,aheze,foolishness,clowning is jest; foolishness is playing the fool,,joke; fool; stupid
👹,ogre,ogehe,menace,ogre shows menace,,threat; threaten
👺,goblin,ogabe,,,,
👻,ghost,ogoze,spookiness,ghost means spookiness,,
👽,alien,eleho,strangeness,alien means strangeness,,foreign; unusual
🤖,robot,oroba,automation,robot means automation,,
🙈,blindfold,abodo,denial,a blindfold keeps you from seeing; denial refuses to see,,
🙉,earplugs,eraba,avoidance,earplugs shut out sound; avoidance shuts out the truth,,avoid
🙊,gag,agegu,censorship,a gag stops speech; censorship silences others,,
💌,love-letter,alave,,,,
💓,heartbeat,ahode,life,heartbeat is the pulse of a living body; life is being alive,,alive
💔,heartbreak,ahabu,bereavement,heartbreak is the image; bereavement is the unobservable fact of losing someone or something dear,,
❤️‍🔥,passion,abeho,fervor,heart fire shows fervor,,excitement
❤️‍🩹,healing,ehewe,restitution,mending heart marks recovery; restitution is the unobservable making-whole,,compensation; restore
❤️,heart,ahu,compassion,the heart feels for others; compassion is caring about their suffering,,center
💋,lips,eleba,,,,
💯,hundred,ahadu,perfection,hundred means perfection,m.w:completely,perfect; totally; entirely; fully; altogether
💢,anger,anage,offense,anger symbol shows rage; offense is the unobservable reading that a wrong was done,,crime
🫯,fight,avada,struggle,fighting stance pushes through opposition; struggle is pushing through what holds you back,,battle; tackle
💥,boom,ubuho,consequence,collision bursts; consequence is the unobservable follow-on,,outcome; result; effect
💫,dizzy,edezu,dazzle,dizzy stars mean dazzle,,
💦,sweat,azewe,effort,sweat drops show hard work; effort is work that costs you,,labor; strain
💨,dash,adeho,haste,dash of wind moves fast; haste is moving quickly,,rush; pace
🕳️,hole,ohaho,void,hole means void,,gap
💬,speech,ezebe,discourse,speech is audible; discourse is the unobservable social practice,v:tell,say; talk; word; speak; language; discuss; discussion; description; communicate; communication; report; declare
👁️‍🗨️,attest,odu,testimony,eye-in-speech attests; testimony is the claim that seeing warrants saying,,swear; demonstrate
🗯️,rant,aradu,outrage,rant shows outrage,,complain
💭,thought,ovo,commentary,thought balloon floats a take over the scene; commentary is mind storying instead of bare contact,,idea; concept; notion; remark; theoretical; comment
💤,sleep,ezeba,restoration,sleep means rest; restoration is the unobservable replenishing,,
👋,wave,eweva,acknowledgment,a wave acknowledges someone; acknowledgment is the unobservable uptake,,acknowledge; recognition; greet
✋,hand,ahada,,,,
👌,ok,ogeha,acceptance,the ok sign says it is fine as it is; acceptance is letting it be,,accept; alright; adopt; fine
✌️,victory,evego,triumph,peace sign shows triumph,,succeed; defeat; overcome
🤞,crossed-fingers,evege,hope,crossed fingers bring hope,,
🤘,horns,ohozo,,,,
🤙,shaka,ahaga,contact,shaka invites contact,,
🖕,middle-finger,emedu,contempt,middle finger shows contempt,,
☝️,point,obo,emphasis,point adds emphasis,,item; finger; insist; emphasize; specify; detail; spot; tip; specifically
👍,thumbs-up,abewa,approval,thumbs-up shows approval,,approve; recommendation
👎,thumbs-down,avaya,disapproval,thumbs-down shows disapproval,,
✊,fist,evedo,defiance,fist shows defiance,,resistance
👊,punch,abahe,force,punch delivers force,,push; tap
👏,clap,agebu,acclaim,clap is audible; acclaim is the unobservable verdict,,
🙌,hooray,uhohu,,,,
🫶,care,egehe,kindness,heart hands offer care; kindness is warmth shown to others,,tender
🤝,handshake,oha,co-participation,handshake seals shared presence; co-participation is sharing the floor,,participate; joint; interaction; membership; participation
🙏,pray,ebewa,gratitude,pray expresses gratitude,,grateful
✍️,write,arada,authorship,write puts words on the page; authorship is claiming those words,,author
💅,nail-polish,eneba,,,,
🤳,selfie,ezave,vanity,selfie reflects vanity,,
💪,bicep,abeze,strength,flex shows strength,,strong; arm; muscle; strengthen; exercise
🦾,prosthetic-arm,obave,augmentation,mechanical arm gives augmentation,,
🦿,prosthetic-leg,elego,,,,
🦵,leg,elega,,,,
🦶,foot,uvuda,foot-length,a foot is about as long as a foot; foot-length is the length unit,,
👂,ear,ema,listening,ear enables listening,v:hear,
🦻,hearing-aid,edaho,,,,
👃,nose,onoza,intuition,nose leads intuition,v:smell; m.v:intuit,sensitive; sense; impression
🧠,brain,ebehe,intellect,brain is intellect,,mental; intellectual; smart; mind; intelligence; psychological; abstract
🫁,lungs,alaza,breath,lungs carry breath,,breathe; chest
🦷,tooth,uduva,,,,
🦴,bone,abo,structure,bone provides structure,,
👀,eyes,azahe,attention,eyes grant awareness,m.v:look,concentrate; observation; gaze
👁️,eye,ahaha,perception,eye enables perception,v:see,perceive; visual
👅,tongue,adava,eloquence,tongue wields eloquence,,
👄,mouth,amava,,,,
🫦,lip-bite,elebu,sexuality,a lip-bite signals desire; sexuality is physical attraction,,bite; sex
👶,baby,ebebe,innocence,baby embodies innocence,,infant; innocent
🧒,child,ahade,youth,child means youth,,young; childhood; kid; teenager; adolescent
👦,boy,oboha,boyhood,boy is boyhood,,son
👧,girl,egeha,girlhood,girl is girlhood,,daughter
🧑,person,ebeza,humanity,a person is one of us; humanity is what all people share,,people; individual; human; civilian
👨,man,amaha,manhood,man is manhood,,gentleman; guy
👩,woman,uwawu,womanhood,woman is womanhood,,lady
🧓,elder,elade,wisdom,an elder holds wisdom,,elderly; wise; senior
👴,old-man,olada,elderhood,old man is elderhood,,old
👵,old-woman,olade,,,,
🙎,pout,abuda,sulking,pout is sulking,,
💁,sass,azaze,attitude,tipping hand shows attitude,,
🙋,raise-hand,ereze,initiative,raised hand volunteers; initiative is the unobservable willingness,,volunteer; undertake; keen; eager
🧏,deaf,edevu,,,,
🙇,bow,abaye,apology,a bow of regret; an apology owns a wrong,,excuse; apologize
🤦,face-palm,evezu,exasperation,facepalm shows exasperation,,
🤷,shrug,ahawe,uncertainty,a shrug says who knows; uncertainty is not knowing,,
🧑‍⚕️,heal,ehehu,recovery,the healer restores health; recovery is getting well again,,recover; therapy
🧑‍🎓,learn,eleha,scholarship,learning is study; scholarship is the unobservable knowledge-practice,,academic; scholar; study
🧑‍🏫,teach,edeho,instruction,teaching gives instruction,,educate; lesson
🧑‍⚖️,judge,ahaho,judgment,judging yields judgment,,assessment; assess; criticism; evaluation; evaluate
🧑‍🌾,farm,avavo,cultivation,farming is cultivation,,farmer; culture; cultural; breed
🧑‍🍳,cook,uguga,nourishment,cooking provides nourishment,,
🧑‍🔧,repair,erabe,maintenance,repair is keeping things in service,,maintain; fix
🧑‍🏭,manufacture,ameva,production,manufacture drives production,,product; generate; yield; produce
🧑‍💼,administrate,adede,bureaucracy,office work runs bureaucracy,,management; manage; administration
🧑‍🔬,research,areze,inquiry,research pursues inquiry,,scientist; scientific; science; survey
🧑‍💻,program,oboga,innovation,programming drives innovation,,invent
🧑‍🎤,sing,ezehe,expression,singing gives expression,,express
🧑‍🎨,craft,ageva,creativity,crafting brings creativity,,creation; creative; technique
🧑‍✈️,pilot,abawu,navigation,piloting handles navigation,,
🧑‍🚀,orbit,oraba,exploration,orbiting seeks exploration,,explore
🧑‍🚒,firefight,avova,,,,
👮,police,abaza,authority,policing wields authority,,
🕵️,investigate,eve,deduction,investigating follows clues; deduction is the unobservable inference,,implication; logic; derive; interpretation
💂,guard,agadu,protection,guarding provides protection,,insure; protect
🥷,sneak,ezevu,stealth,sneaking moves with stealth,,
👷,construct,aguza,fabrication,construction builds structures,,build; install; formation; implement; implementation
🫅,reign,ereve,sovereignty,reigning embodies sovereignty,,
🤴,inherit,anehe,nobility,inheriting a title is nobility,,
👸,court,ogodo,,,,
👳,turban,adebu,,,,
👲,skullcap,azugo,,,,
🧕,head-scarf,azuga,modesty,headscarf shows modesty,,
🤵,tuxedo,adoze,formality,tuxedo signals formality,,fancy; suit; format
👰,veil,evewa,matrimony,veil marks matrimony,,marriage
🫄,pregnant,ebego,expectancy,pregnant shows expectancy,,expectation; pregnancy
🤱,breastfeed,eboze,,,,breast
🧑‍🍼,feeding-baby,eveda,nurturing,feeding baby is nurturing,,nurse
👼,angel,enahe,,,,
🎅,santa,azave,,,,
🤶,mrs-claus,emeze,companionship,mrs claus offers companionship,,accompany; ally
🦸,save,ezeva,heroism,saving shows heroism,,hero; spare
🦹,scheme,uzege,villainy,scheming embodies villainy,,criminal; plot
🧙,conjure,agehe,magic,conjuring wields magic,,
🧚,fairy,eveve,whimsy,fairy brings whimsy,,
🧛,vampire,avabo,parasitism,vampire practices parasitism,,
🧜,mer-person,ebezu,mystery,merperson holds mystery,,
🧜‍♂️,merman,emevo,,,,
🧜‍♀️,mermaid,emeva,allure,mermaid lures with allure,,
🧝,elf,elavo,enchantment,elf brings enchantment,,
🧞,genie,ehewu,wishfulness,genie grants wishfulness,,
🧟,zombie,azabe,mindlessness,zombie shows mindlessness,,
🧌,troll,odoha,antagonism,troll provokes antagonism,,
🫈,bigfoot,ebagu,elusiveness,bigfoot stays elusive,,
💆,massage,ameza,soothing,massage brings relief,,
💇,haircut,ehegu,self-presentation,haircut is grooming; self-presentation is the unobservable aim,,
🚶,walk,owoga,,,,march; wander
🧍,stand,azado,presence,stand shows presence,,existence; attendance
🧎,kneel,eneha,submission,kneel shows submission,,
🧑‍🦼,power-chair,abavu,,,,
🧑‍🦽,propel,abobe,independence,self-propelling a chair shows independence,,motivate
🏃,run,araha,,,,
🧑‍🩰,ballet,aboba,,,,
🕺,dance,adaze,,,,
🕴️,levitate,elevo,elevation,levitate means elevation,,
👯,partying,obade,revelry,partying dancers show revelry,,
🧖,sauna,ozohe,relaxation,sauna brings relaxation,,relax
🧗,climb,agawo,failure,a climb that doesn't top out is still climbing; failure is an attempt that didn't stick yet,,lose; miss; fail
🤺,fencing,eveze,rivalry,fencing is rivalry,,rival; opponent
🏇,horse-race,ereza,pursuit,horse race is pursuit,,race; pursue; chase
⛷️,ski,azuge,,,,
🏂,snowboard,ozobe,,,,
🏄,surf,azeva,,,,
🚣,row,oroha,,,,
🏊,swim,ezewe,,,,float
🏋️,lift,eleva,exertion,weightlift demands exertion,,raise
🚴,bike,abega,,,,
🚵,mountain-bike,amade,adventure,mountain bike is adventure,,venture
🤸,cartwheel,egade,exuberance,cartwheel shows exuberance,,
🤼‍♂️,wrestle,areza,,,,
🤽,water-polo,owobo,competition,water polo is competition,,compete; competitive
🤾,handball,ahodo,teamwork,handball needs teamwork,,team; crew
🤹,juggle,ahegu,multitasking,juggle is multitasking,,
🧘,meditation,amede,mindfulness,meditate builds mindfulness,,
🛀,bath,abeva,cleansing,bath brings cleansing,,wash
🛌,in-bed,enaha,rest,lying in bed; rest is recovering energy,,remain; stay; settle
🧑‍🤝‍🧑,holding-hands,ohoha,partnership,couple forms partnership,,
💏,kiss,egeza,intimacy,kiss shows intimacy,,
💑,couple,agaba,relationship,a couple is bound together; a relationship is an ongoing tie,,relation
🗣️,orator,orade,rhetoric,an orator uses rhetoric,,
👤,silhouette,ezuwe,,,,profile
🧑‍🦲,head,ehada,,,,principal
👥,silhouettes,ezo,community,busts form community,,society; club; association; folk; band; ethnic
🫂,hug,ahage,comfort,hug gives comfort,,comfortable; embrace
👪,family,avaha,kinship,family is kinship,,household
👣,footprints,uvude,legacy,footprints leave legacy,v:go,trace; tour
🫆,fingerprint,evebe,identity,fingerprint marks identity,,characteristic; personality
🐒,monkey,amage,mimicry,monkey see monkey do,,copy
🦍,gorilla,egevo,dominance,800-pound gorilla dominates,,dominate
🦧,orangutan,orada,,,,
🐕,dog,odoga,loyalty,a dog shows loyalty,,faithfully; faithful
🐺,wolf,uwuva,predation,wolf at the door,,
🦊,fox,avagu,cunning,sly as a fox,,
🦝,raccoon,aregu,theft,the masked raccoon takes what is not its own; theft is taking without consent,m.v:steal,
🐈,cat,agada,curiosity,curiosity killed the cat,,wonder; curious; interest
🦁,lion,alahe,courage,brave as a lion,,
🐅,tiger,adege,ferocity,fight like a tiger,,
🐆,leopard,elebe,nature,a leopard cannot change its spots,,environmental; wild; organic
🫎,moose,umuza,,,,
🫏,donkey,adoge,,,,
🐎,horse,ohoza,,,,
🦄,unicorn,uyugo,rarity,unicorn is rare magic,,unique; rare; extraordinary
🦓,zebra,aze,contrast,zebra stripes show contrast,,
🦌,deer,edewo,timidity,deer in headlights is timid,,
🦬,bison,abozu,,,,
🐃,buffalo,abova,drudgery,a buffalo pulls through drudgery,,
🐄,cow,agawe,docility,docile as a cow,,
🐖,pig,ebegu,gluttony,pig out on gluttony,,
🐗,boar,obove,stubbornness,stubborn as a boar,,
🐑,ewe,uyoyu,conformity,follow the herd like sheep,,sheep
🐐,goat,agoda,scapegoat,blame the goat scapegoat,,
🐪,camel,agehu,endurance,camel endures the desert,,
🦙,llama,alawe,composure,no drama llama stays composed,,
🦒,giraffe,aheve,overview,giraffe sees the overview,,
🐘,elephant,elava,big,elephant is large in size,m.w:very,large; substantial
🦣,mammoth,amave,enormity,mammoth is enormous in scale,,enormous; massive
🦏,rhinoceros,araze,charge,rhino charges headlong,,accuse; bill
🦛,hippopotamus,ehoba,bulk,hippo is sheer bulk,,majority; mass; fat
🐁,mouse,amaza,small,a mouse is small beside larger animals; small is little size,,little; tiny; minor; chip
🐀,rat,arade,,,,
🐹,hamster,ahe,routine,hamster on a wheel of routine,,process; procedure; everyday; familiar
🐇,rabbit,araba,,,,
🐿️,chipmunk,ahebu,hoarding,chipmunk hoards for winter,,
🦫,beaver,abeve,industry,beaver builds with industry,,
🦔,hedgehog,ehaha,defensiveness,hedgehog curls in defense,,
🦇,bat,abedo,reclusion,bat hides by day,,
🐻,bear,ebeho,burden,bear the burden,,load
🐨,koala,ogohu,lethargy,koala sleeps through the day,,
🐼,panda,aboda,diplomacy,panda diplomacy softens hard talks,,
🦥,sloth,ozova,laziness,sloth moves with laziness,,lazy
🦦,otter,adehu,playfulness,otter plays in the water,,funny; fun
🦨,skunk,uzaga,stigma,skunk leaves a lasting stigma,,
🦘,kangaroo,aguge,bounce,kangaroo bounces back,v:jump,leap
🦡,badger,abuhe,persistence,badger someone with persistence,,determination
🐾,paw-prints,abe,provenance,pawprints mark a trail; provenance is the unobservable origin path,,trail; track; creature
🦃,turkey,edege,folly,turkey is foolish talk,,
🐔,chicken,ehega,cowardice,chicken means coward,,
🐣,hatch,uha,emergence,hatching is emergence,,emerge; birth
🐦,bird,ebedu,freedom,free as a bird,,free
🐧,penguin,ebobe,,,,
🕊️,dove,adeve,tranquility,dove is a sign of peace,,
🦅,eagle,egaha,vision,eagle eye sees far,,sight
🦆,duck,adagu,,,,
🦢,swan,azawa,grace,swan glides with grace,,
🦉,owl,alaho,quietude,owl hunts without sound; quietude is low-noise manner,,
🦤,dodo,ododu,obsolescence,dodo is dead and gone,,
🪶,feather,evevu,softness,a feather is light and gentle to touch; softness is a yielding feel,,
🦩,flamingo,avego,flamboyance,flamingo stands out flamboyantly,,
🦚,peacock,ebuga,,,,
🦜,parrot,ebabe,,,,
🪽,wing,eweha,,,,
🪿,goose,uguza,,,,
🐦‍🔥,phoenix,evegu,rebirth,phoenix rises in rebirth,,
🐸,frog,avawa,transformation,frog becomes a prince,,transform
🐊,crocodile,aguda,deceit,crocodile tears are deceit,,
🐢,turtle,adeda,,,,
🦎,lizard,eleze,tail,a lizard can drop its tail; a tail is the rear extension of a body,,
🐍,snake,ezehu,treachery,snake in the grass,,
🐉,dragon,adago,legend,dragon lives in legend; legend is an inherited mythic tale,,
🦕,brontosaurus,ebozo,antiquity,brontosaurus is ancient past,,ancient
🦖,t-rex,edewa,,,,
🐋,whale,ewehe,magnitude,whale-sized magnitude,,
🐬,dolphin,adaya,,,,
🫍,orca,oraga,,,,
🦭,seal,ezevo,imprimatur,seal stamps a document as sanctioned; imprimatur is official backing,,sanction; stamp
🐟,fish,eveho,abundance,plenty of fish in the sea,,plenty
🦈,shark,ahago,ruthlessness,shark is ruthless predator,,
🐙,octopus,agado,reach,octopus reaches in every direction,,stretch; extension
🐚,shell,eheho,,,,
🪸,coral,ogohe,,,,
🪼,jellyfish,eheve,flow,jellyfish drifts with the current; flow is mid motion of water,,current; stream; period
🦀,crab,agoga,friction,feeling crabby today; friction is small grievances rubbing,,
🦞,lobster,alabe,luxury,lobster dinner is luxury,,
🦐,shrimp,ehebo,insignificance,shrimp is small fry,,
🦑,squid,ezoga,obscurity,squid ink clouds the truth,,
🦪,oyster,ozeda,,,,
🐌,snail,ezeho,slow,slow as a snail,,
🦋,butterfly,abude,,,,
🐛,bug,aboga,flaw,computer bug is a flaw,,error
🐜,ant,anado,diligence,ants work with diligence,,
🐝,honeybee,ehabe,,,,
🪲,beetle,ebada,hardiness,beetle's shell is hardiness,,solid; hard; firm
🐞,ladybug,elede,luck,ladybug brings luck,,lucky; fortune; fortunate
🦗,grasshopper,ogaza,,,,
🪳,cockroach,agogo,resilience,cockroach survives anything,,
🕷️,spider,azaba,entrapment,spider traps its prey,,
🕸️,cobweb,agebe,network,a cobweb connects everything,,net; web
🦂,scorpion,ozogo,betrayal,scorpion stings the hand that feeds,,
🦟,mosquito,amoze,irritation,mosquito is pure irritation,,
🪰,fly,avahu,annoyance,fly is a buzzing annoyance,,bother
🪱,worm,ewehu,complication,open a can of worms,,
🦠,microbe,omago,contagion,microbe spreads contagion,,cell; virus
💐,bouquet,ubuge,congratulation,bouquet congratulates,,
🌸,cherry-blossom,ehebu,transience,cherry blossom fades quickly,,
💮,flower,avavu,,,,
🪷,lotus,oloda,purity,lotus rises in purity,,
🏵️,rosette,aroze,,,,
🌹,rose,oroza,romance,rose stands for romance,,romantic
🥀,wilt,ewe,withering,wilted rose shows withering,,
🌺,hibiscus,ahabe,beauty,hibiscus shows tropical beauty,,beautiful
🌻,sunflower,azova,optimism,sunflower turns toward optimism,,
🌼,blossom,abuba,freshness,blossom signals freshness,,fresh
🌷,tulip,uduba,affection,tulip gift shows affection,,
🪻,hyacinth,ahazo,spring,hyacinth blooms in spring,,
🌱,seedling,ezu,growth,seedling is new growth,,grow; seed; expansion; increase; development; develop; expand; mature
🪴,house-plant,ahazu,tending,a houseplant needs care,,plant; garden
🌳,tree,edehu,stability,tree roots give stability,,stable; steady
🌴,palm,abahu,escape,a palm means vacation escape,,
🌵,cactus,agugo,,,,
🌾,grain,ebade,harvest,a sheaf of grain marks harvest,,crop
🌿,herb,ebahe,,,,
🍀,shamrock,ahawu,,,,
🍁,maple,emeba,change,maple leaves mark seasonal change,,switch; variable; alter; modify; shift; convert
🍃,leaf,aleve,,,,
🍂,fallen-leaf,elevu,autumn,leaves fall in autumn; autumn is the season of falling leaves,,
🪹,empty-nest,une,emptiness,empty nest shows emptiness,,empty
🪺,nest,eneza,nurture,nest nurtures young,,sustain; rear
🍄,mushroom,amahu,proliferation,mushrooms pop up overnight,,
🪾,dead-tree,ededa,decay,dead tree shows decay,,
🍇,grape,egeba,disparagement,sour grapes runs down what you cannot reach,,
🍈,melon,emeve,fruit,a melon is a sweet seed-bearing food; fruit is the seed-bearing food of a plant,,
🍉,watermelon,owoda,refreshment,watermelon cools with refreshment,,
🍊,tangerine,odahe,skin,a tangerine peel is its outer covering; skin is the outer covering of a body,,
🍋,lemon,elehu,defect,a lemon is a bad deal,,
🍋‍🟩,lime,alahu,zest,lime adds zest and tang,,
🍌,banana,abayu,madness,go bananas with madness,,
🍍,pineapple,abebu,hospitality,pineapple welcomes with hospitality,,invitation; invite
🥭,mango,amego,exoticism,mango tastes of the exotic,,
🍎,apple,alu,temptation,forbidden apple is temptation,,
🍐,pear,abeyo,mishap,gone pear-shaped is mishap,,accident
🍑,peach,ebaha,excellence,peachy means excellent,,
🍒,cherry,eheva,bonus,cherry on top is a bonus,,
🍓,strawberry,ozu,sweetness,strawberry is pure sweetness,,sweet
🫐,blueberry,ubube,,,,
🥝,kiwi,egewo,oddity,fuzzy kiwi is an odd fruit,,odd; weird
🍅,tomato,adedo,controversy,tomato fruit or vegetable controversy,,debate; controversial; argument
🫒,olive,aleva,,,,
🥥,coconut,ogoga,toughness,hard nut to crack is tough,,tough
🥑,avocado,avoga,premium,avocado toast is premium living,,
🍆,eggplant,egaba,provocation,eggplant emoji provokes,,
🥔,potato,abode,,,,
🥕,carrot,agedo,incentive,carrot on a stick is incentive,,
🌽,corn,ogoha,kitsch,corny means kitsch,,
🌶️,pepper,ebe,heat,hot pepper brings heat,,
🫑,bell-pepper,abebe,,,,
🥒,cucumber,aguyu,,,,
🥬,greens,egezu,vitality,leafy greens fuel vitality,,vital; vegetable
🥦,broccoli,abave,health,eat broccoli for health,,healthy; welfare
🧄,garlic,agego,,,,
🧅,onion,anaya,depth,onion has layers of depth,,
🥜,peanut,ebeye,triviality,work for peanuts is trivial pay,,
🫘,bean,ebeyo,,,,
🌰,chestnut,ehaza,staleness,old chestnut is stale joke,,
🫚,ginger,ahehe,,,,
🫛,pea,abewo,,,,
🫜,beet,eboda,,,,
🍞,bread,ebewe,staple,bread and butter is staple,,
🥐,croissant,ugaza,,,,
🥖,baguette,uboge,,,,
🫓,flat-bread,avabe,simplicity,flatbread is simple fare,,plain
🥨,pretzel,ebadu,complexity,pretzel logic is twisted complexity,,complex; complicate
🥯,bagel,ebago,,,,
🥞,pancake,abogo,flattening,pancake flattens under pressure,,flat; thin; panel; smooth
🧇,waffle,awava,indecision,waffle means indecision,,
🧀,cheese,eheze,,,,
🍖,meat,emedo,substance,meat of the matter is substance,,protein
🍗,drumstick,adazu,,,,
🥩,steak,ezade,seriousness,steak dinner is serious business,,serious
🥓,bacon,ebage,indulgence,bacon is guilty indulgence,,
🍔,hamburger,ahobe,mainstream,burger is mainstream fare,,
🍟,fries,avaze,accessory,fries are a side accessory,,supplement
🍕,pizza,abeda,camaraderie,pizza night builds camaraderie,,
🌭,hotdog,ahudo,showmanship,a hotdog is flashy showmanship,,exhibit
🥪,sandwich,oza,compromise,sandwich layers are compromise,,
🌮,taco,adego,variety,taco bar offers variety,,sort; type
🌯,burrito,ebado,encapsulation,burrito wraps it all up,,
🫔,tamale,adayu,,,,
🧆,falafel,aveva,alternative,falafel is a meat alternative,,substitute
🥚,egg,uge,potential,egg holds unrealized potential,,
🍳,cooking,uguge,,,,
🥘,skillet,ozega,medley,many components one pan,,
🍲,stew,uzudu,simmer,heat over time,,pot
🫕,fondue,avadu,sharing,fondue is communal sharing,,
🥣,cereal,eze,capacity,bowl holds what it can,,
🥗,salad,azavu,,,,
🍿,popcorn,ababo,entertainment,popcorn at the show is entertainment,,entertain
🧈,butter,abede,flattery,butter someone up with flattery,,
🧂,salt,ozoda,skepticism,take it with a grain of salt,,
🥫,tin,edewe,metal,a tin is a can of metal; metal is the hard shiny material,,
🍱,bento,ebedo,order,bento box is neat order,,line; rank; arrange
🍘,rice-cracker,arazu,,,,
🍙,rice-ball,araza,,,,
🍚,rice,arazo,,,,
🍛,curry,ageho,spice,curry adds spice to life,,
🍜,noodles,unuda,,,,
🍝,spaghetti,ozage,,,,
🍠,yam,ayahe,nostalgia,a yam is homestyle nostalgia,,
🍣,sushi,uzuhe,,,,
🍤,tempura,edabu,,,,
🍥,fish-cake,evehu,,,,
🥮,moon-cake,umuge,,,,
🍡,dango,adogo,togetherness,dango skewer is togetherness,,
🥟,dumpling,adebe,stomach,a dumpling is a stuffed pouch; the stomach is the body's food pouch,,
🥠,fortune-cookie,ovogu,prophecy,fortune cookie foretells fate,,
🥡,takeout,edaga,,,,
🍦,ice-cream,azage,summer,ice cream is a summer treat; summer is the hot season,,
🍩,doughnut,odode,reward,donut is a sweet reward,,profit
🍪,cookie,ugugo,compliance,browser cookie tracks compliance,,
🎂,birthday,ebeva,age,a birthday marks years lived; age is how old on the continuum,,
🍰,shortcake,ohodu,,,,
🧁,cupcake,agube,coda,cupcake is a sweet course; coda is the unobservable closing role,,
🥧,pie,abaya,,,,
🍫,chocolate,ohoga,,,,
🍬,candy,agede,sugar,candy is sweetened; sugar is what sweetens,,
🍭,lollipop,alabu,pacification,lollipop pacifies a child,,
🍮,custard,agoze,richness,custard is rich and smooth,,
🍯,honey,ahahe,endearment,honey is a sweet endearment,,
🍼,baby-bottle,abadu,inhibition,bottle holds liquid inside; bottle is held-in charge,,bottle
🥛,milk,emega,,,,
☕,coffee,agave,alertness,coffee fuels alertness,,
🫖,teapot,edebu,ceremony,teapot pours with ceremony,,
🍵,tea,edehe,,,,
🍶,sake,ezegu,ritual,sake toast is ritual,,
🍾,champagne,ahebe,,,,
🍷,wine,awahe,refinement,wine signals refinement,,
🍸,cocktail,agoge,blend,cocktail blends many flavors,,combine; mixture; stir; mix; compound
🍹,mock-tail,amago,escapism,tropical drink is vacation escapism,,
🍺,beer,ebehu,,,,
🥂,cheers,eheza,,,,
🥃,whiskey,eweze,fortitude,whiskey warms with fortitude,,
🫗,pour,obohe,loss-of-control,pour directs liquid; loss-of-control is the unobservable slip,,slip
🥤,soda,ozode,plastic,a soda bottle is molded plastic; plastic is a moldable synthetic material,v:drink,pop
🧋,bubble-tea,edewu,trendiness,bubble tea is trendy now,,trend; fashion
🧃,juice,uhuza,vigor,juice box fuels vigor,,
🧉,mate,emeda,fellowship,mate is shared fellowship,,fellow
🧊,ice,azahu,kelvin,ice marks thermodynamic temperature; kelvin is the SI temperature unit,,
🥢,chopsticks,ahube,,,,
🍽️,plate,ebede,service,plate is set for service,,help; desk; dish; assistance; favor; aid
🍴,cutlery,agude,provision,cutlery enables provision,v:eat,supply; resource; meal; food; diet
🥄,spoon,uzubu,portion,spoon measures a portion,,component; segment
🔪,knife,anava,severity,knife cuts with severity,,sharp; severe
🫙,jar,aha,storage,jar stores what is kept,,vessel; store; stock
🏺,amphora,ameve,,,,
🌐,globe,olo,connected,a globe links every place; connected means linked together,,global; world; earth
🗺️,map,uma,plan,a map charts a route; a plan charts a course,,agenda; design; project
🗾,country,agu,scope,a map of one country; scope is the area the picture includes,,national; region; nation; extent; regional; zone; territory; area
🧭,compass,agabu,direction,a compass points the way; direction is where you're headed,,direct; guide
⛰️,mountain,amada,challenge,mountains are hard to climb; a challenge is hard to face,,pile; heap
🛘,landslide,alaze,breakdown,landslide is sudden collapse; breakdown is the unobservable failure of a system,,crash; collapse; crack
🌋,volcano,avege,eruption,a volcano bursts outward; eruption is bursting emotion,,burst
🏕️,camp,agabo,,,,
🏖️,beach,abeha,weekend,beach marks the off-work stretch; weekend is the leisure days,,coast; shore; holiday
🏜️,desert,edeze,barren,a desert has little life; barren is empty of results,,dry; sand; dust
🏝️,island,alada,isolation,an island stands apart; isolation is standing apart,,isolate
🏞️,park,abaho,refuge,a park is a green refuge; refuge is safe respite,,
🏟️,stadium,azede,contest,a stadium hosts competition; contest is the unobservable stakes,,tournament
🏛️,colonnade,aguga,institution,grand columns mark public power; institution is established order,,official; column; establishment; politics; govern
🧱,brick,era,foundation,bricks stack from the ground up; foundation is the base layer,,wall; basis; framework; underlie; base
🪨,rock,araga,heavy,rock is hard to lift; heaviness is weight on a scale,,stone; weight; concrete; firmly
🪵,wood,uwa,raw,wood is unfinished material; raw is unprocessed state,,log
🛖,hut,ahede,locality,hut sits in a small settlement; locality is the near neighborhood,,local; neighborhood
🏠,house,ahaza,home,a house is walls and roof; home is where you belong,,domestic; accommodation; chamber
🏢,office,oveza,corporate,tall offices for business; corporate is organized commerce,,facility; corporation; agency
🏤,post-office,oveze,conveyance,post office sends mail; conveyance is the unobservable transfer-as-kind,,delivery; transportation; transfer; transport
🏥,hospital,ahaze,,,,
🏦,bank,abagu,security,bank keeps money safe; security is kept safe,,deposit
🏨,hotel,ohode,,,,
🏩,motel,omode,privacy,discreet lodging,,
🏪,convenience-store,ageve,convenience,corner store is always nearby; convenience is easy to reach,,shop
🏫,school,uzugu,education,school teaches; education is learning over time,,educational; course
🏬,department-store,ozodo,market,a department store gathers many stalls under one roof; a market is where goods are traded,,economic; economy; retail; commercial
🏭,factory,avage,output,factory turns out goods; output is the unobservable result-role,,industrial
🏰,castle,agazo,impregnability,castle walls defend within; fortress is defended stronghold,,
💒,wedding,ewede,union,wedding chapel joins two people; union is joining together,,marry; combination; federal
🗼,tower,adave,height,tower rises high; height is vertical extent,,high; tall; peak; top
🗽,statue,azoda,liberty,statue of liberty,,liberal
⛪,church,eheha,faith,church gathers believers; faith is trust in what is unseen,,religious; religion
🕌,mosque,ameze,,,,
🛕,temple,edeba,,,,
🕍,synagogue,ezugo,,,,
⛩️,shrine,ahawa,,,,
🕋,sanctuary,azogu,quest,kaaba draws the faithful; quest is the unobservable sacred aim,,
⛲,fountain,avade,,,,
⛺,tent,ededu,,,,
🌁,foggy,avoge,purport,foggy skyline leaves outlines unclear; purport is claimed but unsettled,,imply
🌃,night,anada,unknown,night hides what day shows; unknown is what is hidden,,darkness; dark
🏙️,skyline,ezaga,urban,towers and lights fill the skyline; urban is city life,,city
🏡,cottage,agudo,rural,a cottage with a garden sits out of town; rural is country life,,
🌄,daybreak,edebe,dawn,sun rises over peaks; dawn is a new beginning,,morning
🌅,sunrise,azaza,day,sunrise opens each new day; day is the sunrise-to-sunrise unit,,
🌆,dusk,adazo,closure,dusk ends the day; closure is bringing something to an end,,settlement
🌇,sunset,azazo,,,,
🌉,bridge,ebevu,span,a bridge spans the gap; span is reaching across,,
🛣️,road,oroda,wide,a road is made broad enough for many; wide is broad across,,broad; extensive
♨️,springs,ezobe,rejuvenation,hot springs restore the body; rejuvenation restores energy,,
🎠,carousel,egoze,,,,
🛝,playground,eboga,recreation,playground invites play; recreation is the unobservable leisure-kind,m.v:play,
🎡,ferris-wheel,evewe,perspective,ferris wheel rises for a wider view; perspective sees the bigger picture,,view
🎢,rollercoaster,orogo,volatility,a rollercoaster rises and drops; volatility swings up and down,,
💈,shave,ehevo,,,,
🎪,circus,azega,spectacle,circus tent promises a show; spectacle is a striking display,,exhibition; demonstration
🚆,train,edeha,momentum,train stays on its track; momentum keeps moving forward,,rail
🚉,station,ezede,hub,station connects many routes; hub is where paths meet,,platform
🚌,bus,abazu,commute,bus carries many riders daily; commute is the daily journey,,
🚑,ambulance,amaba,emergency,ambulance rushes to crisis; emergency is urgent crisis,,
🚒,fire-truck,avava,newton,a firetruck pushes; newton is the SI force unit,,
🚓,police-car,agahe,enforcement,the police car enforces rules; enforcement is making rules stick,,
🚕,taxi,adage,hire,taxi is hired for a ride; hire is paying for service,,rent; recruit; engage
🚗,car,agaha,mobility,car moves you where you choose; mobility is freedom to move,,vehicle; mobile
🚚,truck,adaga,logistics,truck carries freight; logistics is the unobservable coordination,,
🚜,tractor,edage,,,,
🏍️,motorcycle,omoda,watt,motorcycle draws mechanical power; watt is the SI power unit,,motor; engine
🦽,wheelchair,awehe,accessibility,wheelchair enables movement; accessibility is equal access,,
🚲,bicycle,abuze,,,,
🛴,scooter,ezugu,,,,
🛹,skateboard,ezago,daring,skateboard rides the edge; daring is bold risk-taking,,
🛼,roller-skate,oroze,ease,rollerskates glide; ease is the unobservable effortlessness,,
🚏,bus-stop,abaze,waiting,bus stop is where you wait; waiting is holding for what comes,m.v:wait,delay
🛢️,barrel,ababu,reserve,a barrel stores bulk supply; reserve is stored supply,,oil; tank
⛽,gas-pump,agoba,refuel,gas station fills the tank; refuel is restoring energy,,fuel; pump; gas
🛞,wheel,ewawe,motion,wheel enables motion,,movement; roll; move; gesture
🚦,traffic-light,alado,directive,traffic light tells go or stop; signal is a clear instruction,,
🛑,stop,azada,cessation,stop sign means do not proceed; halt is bringing movement to stop,,cancel; eliminate
🚧,construction,agoza,blockage,construction blocks the road; blockage is something in the way,,block; barrier; architecture
⚓,anchor,age,grounding,anchor holds the ship steady; grounding is staying steady,,
🛟,life-buoy,alavu,rescue,a lifebuoy means rescue,,
🛶,canoe,agevo,lake,a canoe floats on a lake,,
🚤,boat,oboda,superficiality,speedboat skims; superficiality is staying on the surface of meaning,,
🚢,ship,eheba,voyage,ship crosses open seas; voyage is a long sea journey,,journey; sail
✈️,airplane,ereba,,,,plane; aircraft; flight
🛫,departure,adeba,abandonment,plane lifting off leaves the ground; departure is setting out,,abandon
🛬,arrival,evaha,reaching,plane touching down reaches destination; arrival is reaching the end,,
🪂,parachute,ebahu,descent,parachute slows a fall; descent is coming down safely,,sink
💺,seat,ezeda,passive,seat holds you while others move; passive is not acting yourself,,
🚁,helicopter,ehege,,,,
🚠,gondola,agodo,ampere,a gondola runs along a cable like current; ampere is the SI current unit,,
🛰️,satellite,azedo,distance,a satellite hangs far overhead; distance is how far away something is,,far; distant; remote; faraway
🚀,rocket,arage,launch,rocket blasts into the sky; launch is a bold start,,establish
🛸,ufo,uyuvo,,,,
🛎️,bellhop,eboha,,,,
🧳,luggage,alaga,encumbrance,luggage is what you carry; encumbrance is the unobservable drag,v:carry,take
⌛,elapsed,ula,recency,hourglass just emptied; recency is nearness in time,,newly
⏳,hourglass,agaze,hour,hourglass sand marks civil duration; hour is the everyday duration unit,,
⌚,watch,awaha,punctuality,watch tracks the exact moment; punctuality is being on time,,observe
⏰,alarm-clock,elaga,weekday,alarm clock starts each morning of the week; a weekday is a day of the week,,
⏱️,stopwatch,azade,second,stopwatch ticks off short intervals; second is the SI time unit,,moment
🕒,three-oclock,umunu,minute,the clock hand steps on one minute at a time; minute is sixty seconds,,
⏲️,timer,oda,deadline,timer counts down to zero; deadline is the moment time runs out,,
🕰️,clock,agaga,passage,a clock marks hours passing; passage is time going by,,transition; pass; era
🕐,time,adaha,duration,clock face marks duration,,session
🌙,moon,umuha,month,the moon runs one cycle a month; month is the lunar-cycle unit,,phase
🌡️,thermometer,evede,temperature,thermometer reads how hot or cold; temperature is the heat continuum,,
☀️,sun,azaho,joule,sun radiates energy; joule is the SI energy unit,,
🪐,saturn,azode,grandeur,ringed planet looms vast in space; grandeur is impressive scale,,grand; planet; impressive
⭐,star,aza,fame,a star is seen by everyone; fame is being widely known,,reputation
🌠,shooting-star,uhu,wish,shooting star grants a wish,,
🌌,galaxy,agege,vastness,a galaxy shows vastness,,vast; universe
☁️,cloud,agayo,sky,clouds fill the sky,,atmosphere
⛅,cloudy,ogo,weather,sun behind cloud is a partly-cloudy sky; weather is the usual climate,,
⛈️,thunderstorm,avode,,,,storm
🌦️,showers,aheza,,,,
🌧️,rain,erehe,letdown,rain on the parade; a letdown is a hope that fell through,,
🌨️,snow,ozezo,stillness,snow quiets the landscape; stillness is calm / slack water,,
🌪️,tornado,ododo,turmoil,tornado tears through order; turmoil is violent disorder,,
🌫️,fog,avega,confusion,fog blurs what is near; confusion blurs what is clear,,
🌬️,wind,ewedu,influence,wind pushes unseen; influence moves others without force,,affect; blow; air
🌀,cyclone,azego,chaos,cyclone spins into chaos,,
🌈,rainbow,erebo,diversity,a rainbow holds every color; diversity is many kinds together,,vary
☂️,umbrella,amebe,,,,
⚡,lightning,aladu,insight,lightning flashes in an instant; insight is a sudden flash,,
❄️,snowflake,ozove,coldness,snowflake is icy coldness,,
☃️,snowman,ozoha,temporary,snowman melts when warmth returns; temporary does not last,,
☄️,comet,ageda,,,,
🔥,fire,avahe,,,,burn
💧,droplet,adaba,beginning,one droplet starts the flow; beginning is a small start,,source; original; initial; wet; liquid
🌊,ocean,ohaha,overwhelm,ocean is vast surging water; flood is high-arousal surge,,sea; flood
🎃,jack-o-lantern,ohahe,concealment,jack-o-lantern hides a carved face; disguise hides true identity,,hide
🎄,christmas-tree,egede,tradition,christmas tree marks yearly ritual; tradition is repeated custom,,traditional; conservative; classic; convention; conventional; classical
🎆,fireworks,avawe,year,fireworks greet each new year; year is the calendar-year unit,,
🎇,sparkle,azoba,coulomb,a sparkler holds electric charge in the hand; coulomb is the SI charge unit,,
🧨,firecracker,avuga,,,,
✨,sparkles,azuba,hertz,sparkles flicker in fast repeats; hertz is the SI frequency unit,,frequency
🎈,balloon,abevu,,,,
🎉,popper,ababe,celebration,a party popper bursts at a party; celebration marks a joyful occasion,,occasion
🎊,confetti,agove,jubilation,confetti rains on victory; jubilation is winning celebration,,
🎐,chime,ahawo,,,,
🧧,red-envelope,eredo,blessing,red envelope carries good wishes; blessing is wished well-being,,
🎀,ribbon,erebu,embellishment,ribbon adorns; embellishment is the unobservable extra,,belt
🎁,present,ebezo,generosity,a present is given to another; generosity is giving freely,,gift; submit; charity
🎗️,awareness,aweza,solidarity,the ribbon is worn for a cause; solidarity is standing with others,,aware
🎟️,admission-tickets,adegu,admission,ticket grants entry inside; admission is being let in,,entry
🎫,ticket,edega,,,,
🎖️,honor,aneha,prestige,medal marks prestige,,famous
🏆,trophy,odove,score,trophy marks the final tally; score is the counted result,,grade; prize; champion; beat
🏅,medal,ameda,achievement,medal marks accomplished feat; achievement is reaching a goal,,success; achieve; successful; award; fulfill; accomplish
🥇,gold,ogoda,first,gold medal marks top place; first is leading all others,,primary; priority; prime
🥈,silver,ezeve,runner-up,silver medal marks runner-up; second is next after first,,
🥉,bronze,abazo,third,bronze medal marks third place; third is after second,,
⚽,soccer,azoge,,,,
⚾,baseball,ebebo,,,,
🥎,softball,ozovo,adaptation,softball is baseball made gentler; adaptation is adjusting the form,,version; adapt; flexible
🏀,ball,abezo,,,,
🏐,volleyball,avabu,,,,
🏈,football,uvudo,strategy,football plans each play; strategy is planned action,,
🏉,rugby,aragu,perseverance,rugby pushes through contact; perseverance is pushing through,,
🎾,tennis,edezo,reciprocation,tennis exchanges shots; reciprocation is the unobservable give-and-take,,
🥏,frisbee,eveba,cooperation,frisbee passes between players; cooperation is joint effort,,
🎳,bowling,obova,,,,
🏏,cricket,egege,,,,
🏑,field-hockey,ahagu,agility,field hockey shifts fast on turf; agility is quick nimble motion,,
🏒,hockey,ahege,intensity,hockey moves at fierce speed; intensity is fierce force,,intense
🥍,lacrosse,alago,,,,
🏓,pingpong,ebabo,,,,
🏸,badminton,abodu,reflex,badminton returns a fast shuttle; reflex is instant response,,
🥊,boxing,obage,,,,
🥋,martial-arts,arado,discipline,martial arts train controlled skill; discipline is controlled practice,,practice
🥅,goal,ago,objective,goal net is what you aim for; objective is the target aim,,mission; target
⛳,golf,agaye,,,,
⛸️,skate,ezagu,,,,
🎣,fishing,uno,memory,fishing pulls something up from opaque water; memory retrieves from the past (may be a boot),,
🤿,snorkel,ozoga,,,,
🎽,tank-top,adabo,,,,
🎿,skis,ezuga,,,,
🛷,sled,ezewu,thrill,sled speeds down the hill; thrill is exciting rush,,
🥌,curling,egewa,,,,
🎯,bullseye,ubuza,precision,dart board demands exact aim; precision is exact aim,,accurate; exact; precise
🪀,yoyo,oyoyo,swing,a yoyo swings on its string; swing is back-and-forth motion,,
🪁,kite,agedu,aspiration,kite rises on the wind; aspiration is striving upward,,dream
🔫,squirt-gun,ezogu,,,,gun
🎱,pool,ubuhe,liter,pool holds a volume of liquid; liter is the SI volume unit,,
🔮,crystal-ball,obohu,foresight,crystal ball sees what may come; foresight is seeing ahead,,
🪄,wand,awade,shortcut,a wand fixes in one wave; shortcut is bypassing hard work,,
🎮,videogame,evode,,,,
🕹️,joystick,ohozu,,,,
🎰,slot-machine,amehe,gamble,slot machine bets on chance; gamble is risking on chance,,bet; stake
🎲,dice,adaza,chance,dice land on random faces; chance is unpredictable outcome,,prospect; probability
🧩,jigsaw,ehego,problem,jigsaw pieces must fit together; problem is something to solve,,trouble
🧸,teddy,ededo,toy,a teddy is a child's plaything; a toy is an object made for play,,
🪅,pinata,ebaya,,,,
🪩,disco-ball,adezo,,,,
🪆,nesting-doll,eneze,layers,nesting dolls hide within each other; layers are levels within levels,,
♟️,pawn,oboho,sacrifice,pawn is traded in chess strategy; sacrifice is giving up for gain,,
🃏,joker,ohoge,,,,
🀄,mahjong,ameha,,,,
🎴,flower-cards,avaga,,,,card
🎭,theater,ove,pretense,theater masks hide the actor; pretense is playing a role / as-if framing,,dramatic; drama; stage
🖼️,frame,evevo,ostentation,a frame puts a picture on show; ostentation is showing-off as stance,,shape; form
🎨,palette,abudo,,,,color
🧵,thread,evedu,continuity,a thread runs unbroken; continuity is going on without a break,,constant; consistent; wire; cable; continuous; strip
🪡,needle,eneda,,,,
🧶,yarn,ayaho,blanket,yarn is knit into a blanket; a blanket is the cover that warms,,
🪢,knot,ona,bond,knot ties two ends together; bond is holding fast together,,bind; integrate; stick
🕶️,sunglasses,ozaga,unbothered,sunglasses hide the eyes; cool is calm unbothered style,,
🥽,goggles,agogu,,,,
🥼,lab-coat,egu,expertise,lab coat marks scientific work; expertise is specialized knowledge,,technical; master; talent; specialist; specialize; pro; qualification; expert
🦺,safety-vest,eveza,safety,the vest keeps workers safe; safety is freedom from harm,,safe; secure; insurance
👔,necktie,enego,neck,a necktie hangs at the neck; the neck joins head and body,,
👕,t-shirt,adehe,casual,shirt is everyday wear; casual is relaxed informal,,shirt
👖,jeans,ehevu,,,,
🧣,scarf,azoga,,,,
🧤,gloves,agayu,winter,gloves come out in winter; winter is the cold season,,
🧥,coat,ogodu,shelter,coat wraps against the weather; shelter is cover from elements,,jacket; surface
🧦,socks,azagu,,,,
👗,dress,edeza,clothing,a dress is one garment; clothing is garments worn together,,wear; clothes
👘,kimono,agevu,,,,
🥻,sari,azawu,heritage,sari carries traditional form; heritage is passed-down culture,,
🩱,swimsuit,ezowe,exposure,swimsuit reveals for water; exposure is being laid open,,
🩲,briefs,ebava,,,,
🩳,shorts,ohodo,,,,
👙,bikini,ebuge,,,,
👚,blouse,abozo,,,,
🪭,fan,avave,coolness,fan brings coolness,,
👛,purse,abeza,savings,purse holds small valuables; savings is kept resources,,
👜,handbag,ahaba,responsibility,handbag carries needs; responsibility is the unobservable bearing,,duty; obligation; liability; bag
👝,clutch,agoha,,,,
🛍️,shopping-bag,ahabo,pound-mass,a shopping bag is weighed by the pound; pound-mass is the mass unit,,
🎒,backpack,abu,preparation,backpack holds what you need ahead; preparation is readying beforehand,,pack
🩴,sandal,azaye,,,,
👞,dress-shoe,uhahu,,,,
👟,sneaker,ozege,activity,sneaker is built for movement; activity is active motion,,action; active
🥾,boot,ubuda,mile,a boot is made for long walking; a mile is a long walking distance,,
🥿,loafer,olove,,,,
👠,heel,ehewo,,,,
🩰,ballet-shoe,uhehu,,,,
🪮,hair-pick,ehebe,,,,hair
👑,crown,agawu,leadership,crown marks who rules; leadership is being the one others answer to,,lead
👒,sun-hat,azeha,shade,a sunhat shields from sun above; shade is shelter from harshness,,shadow
🎩,top-hat,adabe,trick,a magician pulls a trick from a top hat,,
🎓,mortar-board,omobo,,,,college; university
🧢,cap,ageba,,,,
🪖,helmet,ehedu,,,,
⛑️,hard-hat,aheda,,,,
📿,rosary,orozo,prayer,beads count prayers; prayer is speaking to the sacred,,
💄,lipstick,elebo,appearance,lipstick colors the lips; appearance is how you present,,appear
💍,ring,ereha,promise,a ring seals a vow; a promise binds your future self,,surround; guarantee; assure
💎,gemstone,ehezo,value,gem is rare and precious; value is worth holding dear,,worth; valuable; appreciate; rate
🔇,mute,amuyu,suppression,mute silences all sound; suppression is holding back expression,,
🔈,quiet,agawa,volume,quiet is sound turned low; volume is level of sound,,
🔉,audio,adeha,voice,audio carries a speaking voice; voice is audible expression,m.w:quite,representative
🔊,loudspeaker,alude,amplification,a loudspeaker fills the room; amplification is making louder,v:shout,noise; loud
📣,megaphone,emego,announcement,megaphone broadcasts to the crowd; announcement is public declaration,,announce; advertise; ad
📯,post-horn,oboze,summons,a posthorn calls people to gather; summons is calling to come,,
🔔,bell,ebevo,alert,bell rings to warn or call; alert is warning attention,,
🔕,bell-off,ovahe,,,,
🎼,sheet-music,umuyu,composition,sheetmusic arranges notes on lines; composition is arranged creation,,music; compose
🎵,note,onoda,melody,note carries a musical line; melody is tuneful line,,tone; pitch
🎶,tune,uduha,,,,song
🎙️,studio-mic,emegu,,,,studio
🎚️,slider,azude,adjustment,slider fine-tunes the level; adjustment is fine tuning,,slide; adjust; amendment; revise
🎛️,knob,anaba,control,knobs adjust the sound mix; control is directing settings,,operate; regulate; handle; conduct
🎤,microphone,amegu,performance,mic carries a live voice; performance is presenting to others,,perform
🎧,headphones,ehodo,immersion,headphones seal you in sound; immersion is deep involvement,,concentration; involvement
📻,radio,erede,broadcast,radio sends sound through air; broadcast is sending widely,,spread
🎷,saxophone,azogo,,,,
🎺,trumpet,adawo,,,,
🪊,trombone,adebo,fanfare,trombone blares fanfare,,
🪗,accordion,agode,width,an accordion stretches out sideways; width is how far across,,
🎸,guitar,egeda,rebellion,guitar drives raw loud sound; rebellion is breaking from norms,,revolution
🎹,piano,ebewo,,,,
🎻,violin,avawu,,,,
🪕,banjo,aboho,folksy,banjo plucks rustic melody; folksy is plain homely character,,
🥁,drum,adavo,rhythm,drum sets the beat for all; rhythm is steady repeating pulse,,
🪘,tom-tom,adade,,,,
🪇,maracas,emaga,,,,
🪈,flute,uvudu,lightness,flute plays with lightness,,
🪉,harp,ahavo,harmony,harp strings make harmony,,
📱,phone,ovavo,connection,phone keeps connection,,telephone
📟,pager,obehe,urgency,pager signals urgency,,
📠,fax,avazu,transmission,fax sends transmission,,
🔋,battery,abado,energy,battery stores energy,,
🪫,low-battery,oloho,depletion,low battery shows depletion,,
🔌,plug,abage,power,plug draws power,,electronic; electricity; electric; powerful
💻,laptop,alabo,productivity,laptop enables productivity,,efficient; computer
🖨️,printer,ebode,replication,printer makes replication,,print; edition
⌨️,keyboard,egebo,input,keyboard is input,,
🖱️,computer-mouse,amazu,,,,click
🖲️,trackball,adugo,,,,
💾,floppy,avube,,,,
💿,cd,ezode,circle,a cd is a flat round disc; a circle is a closed round line,,disk
🧮,abacus,abogu,calculation,abacus does calculation,,calculate; formula; compute; digital
🎥,movie-camera,umuve,capture,movie camera records the scene; capture is holding a moment,,grab
🎞️,film,evave,sequence,film strip holds frames in order; sequence is ordered series,,movie; episode; picture; image; photograph; photo
📽️,projector,ebuhe,projection,projector throws image on screen; projection is showing outward,,presentation
🎬,clapper-board,obodu,,,,
📺,television,edevo,,,,screen; video
📷,camera,agaho,,,,
📹,camcorder,agago,recording,camcorder tapes moving scenes; recording is preserving over time,,
📼,videocassette,evude,,,,
🔍,magnify,amega,scrutiny,magnifier enlarges small detail; scrutiny is close examination,v:find,seek; discover; encounter; examination; detect; notice
🕯️,candle,agega,awash,candle light fills the room; awash is charge in the surrounding field,,
💡,lightbulb,aloda,candela,lightbulb sets luminous intensity; candela is the SI luminous-intensity unit,,
🔦,flashlight,aveha,revelation,flashlight reveals what was dark; revelation is making known,,expose; flash
🏮,lantern,alode,guidance,lantern lights the path ahead; guidance is showing the way,,counsel
🪔,lamp,alaba,,,,
📖,book,ubuga,knowledge,book holds knowledge,,novel
📓,notebook,onodu,,,,
📒,ledger,ene,,,,catalog
📃,page-curl,obege,,,,
📜,scroll,azo,tale,scroll records a tale; tale is a told story,,historical; narrative
📄,page,abehe,documentation,page is a sheet; record is the unobservable keeping,,sheet; document; text
📰,newspaper,unuze,news,newspaper delivers news,,article; magazine; coverage; journal
📑,tab,adabu,organization,a tab organizes,,organize; arrangement; system
🔖,bookmark,ume,reminder,bookmark marks a reminder,,remind
🏷️,label,aleba,classification,label gives classification,,category; class; mark
🪙,coin,oga,same,coin has two faces of one thing; same is two labels for one referent,,uniform
💰,money,amo,debt,money bag holds what is owed; debt is an unpaid balance,v:pay,finance; wage; salary; cash; currency; fund; capital; payment
🪎,treasure,edahe,riches,treasure is riches,,
💴,yen,eyeha,,,,
💵,dollar,adahu,cost,a dollar pays the price; cost is what something takes from you,,price; fee; expense; commission
💶,euro,uyeyu,,,,
💷,pound,ababa,gram,banknote stands for a standard mass chunk; gram is the SI mass unit,,
💸,spend,azebe,waste,money flies away with wings; waste is losing what you had,,consume
💳,credit-card,agavo,credit,card borrows now and pays later; credit is trust to pay later,v:lend,loan
🧾,receipt,eraze,proof,receipt proves the transaction; proof is evidence of fact,,
✉️,envelope,enava,,,,
📧,email,emeha,message,email sends words instantly; message is communicated content,,
📤,out-box,adaho,outgoing,outbox holds mail to send; outgoing is leaving your hands,,
📥,inbox,enaba,incoming,inbox holds mail received; incoming is arriving to you,,
📦,package,abego,aggregation,package wraps items; aggregation is the unobservable grouping,,software; module
📫,mailbox,emebe,reception,closed mailbox holds delivered mail; reception is receiving inward,,
📮,post-box,oboza,dispatch,postbox sends mail on its way; dispatch is sending outward,,send; mail; deliver; post
🗳️,ballot,aba,choice,ballot records your vote; choice is selecting among options,,vote; election; elect; poll; voluntary
✏️,pencil,ebeyu,draft,pencil marks can be erased; draft is tentative first version,,outline
🖊️,pen,ebewu,commitment,pen ink stays on the page; commitment is a binding promise,,dedicate
🖌️,paintbrush,ebuda,artistry,brush paints with flowing strokes; artistry is skilled creative work,,art; paint; illustration; brush; draw; illustrate; stroke
🖍️,crayon,egewu,boldness,crayon marks with thick color; boldness is strong visible stroke,,nerve
📝,memo,emeho,policy,memo records a standing decision; policy is a standing rule,,regulation; guideline; law; legal
💼,briefcase,ebeve,business,briefcase carries work affairs; business is commercial affairs,z:job,task; affair; enterprise; profession; company
📁,folder,ovode,,,,fold
🗂️,divider,edava,,,,
📅,calendar,agade,week,a calendar page reads a week across each row; week is the seven-day unit,,date; schedule
🗒️,notepad,onode,,,,
📇,index-card,enade,lookup,card index sorts; lookup is the unobservable find-operation,,search; index
📈,uptrend,abedu,degree,an uptrend marks more on the scale; degree is vague how-much,m.h:kind-of,level; step
📉,downtrend,adado,loss,the chart falls; loss is having less than before,,deficit
📊,bar-chart,aboha,analysis,bar chart compares quantities; analysis is examining data,,analyze; chart; statistic
📋,clipboard,egabo,accountability,clipboard tracks tasks to do; accountability is answerable tracking,,account
📌,push-pin,ubuhu,highlight,pin marks an important spot; highlight is marking as important,,
📎,paper-clip,eboge,attachment,paperclip holds sheets together; attachment is joined addition,,attach
📏,ruler,uruha,measurement,ruler measures exact length; measurement is precise tracking,,measure; criteria; dimension
🚃,railcar,erega,length,a railcar runs long; length is how far along,,extend; long
📐,set-square,ezeze,meter,set square marks exact length; meter is the SI length unit,,
✂️,scissors,ezezo,separation,scissors cut material apart; separation is dividing apart,,tear; distinct; slice
🗃️,file-box,avaba,archive,file box stores old records; archive is stored past record,,file; database
🗄️,filing-cabinet,agobe,,,,shelf
🗑️,wastebasket,ewezu,discard,trash bin holds what is thrown; discard is getting rid of,,rid; bin
🔒,locked,alage,restriction,lock keeps the door shut; restriction is holding back access,v:shut,restrict; limitation; close; strict
🔓,unlocked,anaga,access,unlock opens what was shut; access is ability to enter,,
🔑,key,egehu,solution,key opens what was locked; solution is what unlocks the problem,,reply; respond; solve; response; resolve; resolution
🔨,hammer,ahave,iron,a hammer is forged iron; iron is the hard forged metal,,steel
🪓,axe,agezo,severance,axe cuts through wood; severance is cutting apart,,cut; break
⛏️,pick,ebega,deep,a pick digs far below the surface; deep is far below,,
🗡️,dagger,aduge,,,,weapon
⚔️,duel,uduhe,conflict,a duel is battle; conflict is forceful opposition,,attack; opposition; dispute; war; argue
💣,bomb,abava,catastrophe,a bomb wrecks everything; catastrophe is disaster,,disaster; crisis
🪃,boomerang,ubuve,,,v:throw,cast
🏹,archery,arehe,aim,archery sends an arrow to a target; aim is directing toward target,v:hunt,focus
🛡️,shield,uho,defense,shield blocks incoming blows; defense is guarding against harm,,defend
🪚,saw,ozazo,division,saw cuts material apart; division is splitting into parts,,section; sector; chapter; department; district
🔧,wrench,erevo,workaround,wrench turns past a stuck bolt; workaround is an improvised bypass,,
🪛,screwdriver,azugu,assembly,screwdriver joins parts together; assembly is putting together,,
🔩,bolt,obodo,ohm,a bolt limits current through the joint; ohm is the SI resistance unit,,
⚙️,gear,ege,mechanism,gear drives mechanism,,device; instrument; engine; functional; machine
🗜️,clamp,agabe,pressure,clamp squeezes with steady force; pressure is squeezing force,,impose; tight; press
⚖️,scale,azege,justice,scales weigh both sides equally; justice is fair balance,,weigh; moral
🦯,cane,egeho,trust,you lean your weight on a cane; trust is relying on someone,,confidence; rely; reliable; believe; belief
🔗,link,elege,,,,unite; relate
⛓️‍💥,unlink,anagu,liberation,broken chain means liberation,,release
⛓️,chains,ehewa,bondage,chains bind and restrict movement; bondage is being held fast,,slave; constraint
🪝,hook,uhuga,ensnarement,hook snags; ensnarement is the unobservable trapping-kind,,
🧰,toolbox,udu,readiness,toolbox holds gear for the job; readiness is prepared for task,,skill; equipment; tool
🧲,magnet,amagu,attraction,magnet pulls metal toward it; attraction is pulling toward,,pull; attract; attractive; drag
🪜,ladder,alede,advancement,ladder climbs step by step; advancement is rising by stages,,promotion; stair; promote; advance
🪏,shovel,ahavu,uncovering,shovel digs; uncovering is the unobservable reveal-kind,,dig; discovery
⚗️,distiller,edaze,pascal,a distiller holds pressure; pascal is the SI pressure unit,,
🧪,test-tube,udo,experiment,test tube tries a small sample; experiment is testing a hypothesis,,chemical; exam; trial; test
🧫,petri-dish,ebude,exemplar,petri dish holds a sample; exemplar is the unobservable stand-in for a class,,model; sample
🧬,dna,edeve,,,,gene; genetic
🔬,microscope,amaga,mole,microscope counts tiny amounts of substance; mole is the SI amount-of-substance unit,,
🔭,telescope,edazo,forecast,telescope shows what is far; forecast is looking ahead at a distance,,predict
📡,antenna,anede,,,,
💉,syringe,azehe,intrusion,syringe puts fluid into body; injection is forcing something in,,shot
🩸,blood,abada,violence,blood is spilled; violence is harm by force,,bloody; violent
💊,pill,eho,remedy,pill is swallowed to heal; remedy is fix for ailment,,drug; treatment; medicine
🩹,bandage,ubade,expedient,bandage covers a wound; expedient is the unobservable stopgap,,
🩼,crutch,agava,support,crutch gives support,,advocate
🩺,stethoscope,ezude,diagnosis,stethoscope listens to the body; diagnosis is finding what is wrong,,
🩻,x-ray,egaze,body,an x-ray shows a person inside; the body is the physical frame of a person,,
🚪,door,odo,opportunity,door opens to what is beyond; opportunity is an opening ahead,v:open,loose
🛗,elevator,elave,ascent,elevator enables ascent,,
🪞,mirror,ome,reflection,mirror shows reflection,,reflect
🪟,window,ewedo,transparency,window offers transparency,,clear
🛏️,bed,ebeda,,,,
🛋️,couch,ageha,leisure,lounging on the couch; leisure is free time,,
🪑,chair,ehahe,position,chair is where you take a seat; position is your assigned place,v:sit,place; situation; lay; status; location; locate; pose; situate; put; occupy
🚽,toilet,ododa,,,,
🪠,plunger,obahe,unblock,plunger clears a clogged pipe; unblock is clearing obstruction,,
🚿,shower,ahava,renewal,shower washes away the day; refresh is restoring freshness,,update
🛁,bathtub,above,,,,
🪤,mousetrap,amaze,trap,mousetrap lures then snaps shut; trap is lure into confinement,,
🪒,razor,erezo,,,,
🧴,lotion,olohe,self-care,lotion soothes your own skin; self-care is tending to yourself,,
🧷,safety-pin,azeve,fastening,safety pin holds fabric together; fastening is holding together,,
🧹,broom,ubuva,cleanup,broom sweeps dirt away; cleanup is clearing what clutters,,sweep; wipe
🧺,basket,abezu,gathering,basket collects items together; gathering is bringing together,,
🧻,paper-roll,ebo,necessity,toilet paper meets basic need; necessity is what must be had,,necessary; tissue; paper; essential
🪣,bucket,abegu,collection,bucket holds gathered liquid; collection is bringing together,,collect
🧼,soap,ozoba,cleanliness,soap washes away grime; cleanliness is freedom from dirt,,clean; pure
🫧,bubbles,abebo,fragility,bubbles pop with a touch; fragility is easily broken,,
🪥,toothbrush,uduve,hygiene,toothbrush cleans each day; hygiene is healthful cleanliness,,
🧽,sponge,azabu,absorption,sponge soaks up spilled liquid; absorption is taking in fully,,
🧯,extinguisher,ogeze,containment,extinguisher stops spreading fire; containment is holding in bounds,,contain
🛒,cart,agagu,consumption,cart fills with goods to buy; consumption is taking things in,,expenditure
🚬,cigarette,ezuge,habit,cigarette is repeated addictive draw; habit is repeated hard-to-break act,,smoke
⚰️,coffin,ogove,end,coffin holds the deceased; end is final conclusion,,conclusion
🪦,headstone,ehado,burial,a headstone marks a grave; burial is laying the dead in the ground,,
⚱️,urn,enaho,remembrance,urn holds ashes of the dead; remembrance is keeping in memory,,
🧿,nazar,anaza,superstition,the charm wards off the evil eye; superstition is belief in unproven magic,,
🪬,hand-of-fatima,ahevo,,,,
🗿,effigy,evohe,stoicism,moai face represents something; stoicism is unmoved endurance,,
🪧,placard,abuge,protest,placard carries a public message; protest is public objection,,resist
🪪,id,ade,verification,an id verifies identity,,genuine
🏧,atm,edeye,withdrawal,atm gives cash on demand; withdrawal is taking out stored value,,
🚮,litter,eledo,disposal,litter bin marks where trash goes; disposal is getting rid of,,
🚰,drinking-water,owode,,,,water
♿,accessible,ugeze,,,,
🚻,restroom,arezu,designation,restroom sign marks facility type; designation is marked category,,appoint
🚼,baby-changing,ebeba,,,,
🛂,immigration,emage,,,,
🛃,customs,ageze,inspection,customs inspects what crosses border; inspection is close checking,,examine; review; investigation
⚠️,warning,owawo,risk,a warning sign flags a hazard; risk is the chance of harm,,
🚸,children-crossing,ehedo,vulnerability,children crossing marks those at risk; vulnerability is easily harmed,,
⛔,no-entry,ere,forbidden,no entry sign blocks the way; forbidden is not allowed,,ban; illegal
🚫,prohibited,ebohe,taboo,prohibited sign bans; taboo is the unobservable ban-as-norm,,
🚳,no-bicycles,onovu,,,,
🚭,no-smoking,onohe,,,,
🚯,no-littering,onowa,,,,
🚷,no-pedestrian,onoho,boundary,no walking past this sign; a boundary marks what others may not cross,,limit; edge; border; margin
📵,no-phone,onoha,,,,
🔞,no-minors,onohu,,,,
☢️,radioactive,erade,toxicity,radiation poisons; toxicity is being harmful to be near,,
☣️,biohazard,obaha,,,,
⬆️,north,onova,,,,northern
↗️,northeast,anove,,,,
➡️,east,ezada,progress,map-right is east; progress is moving ahead,,eastern
↘️,southeast,azove,,,,
⬇️,south,azava,,,,southern
↙️,southwest,azawe,retreat,map down-left is southwest; retreat is moving away back,,withdraw; retire
⬅️,west,eweza,return,map-left is west; return is going back again,,western; react; counter
↖️,northwest,onove,,,,
↕️,vertical,evade,hierarchy,up and down; hierarchy ranks higher and lower,,
↔️,east-west,ewu,reciprocity,east-west arrow runs both ways; reciprocity is mutual give and take,,mutual
↩️,back,abaga,revert,return arrow curves back left; revert is going back to before,,
↪️,forward,ovowe,redirect,return arrow curves forward right; redirect is sending another way,,proceed; forth
⤴️,curve-up,abewe,improvement,the arrow turns upward; improvement is getting better,,improve; enhance; reform; slope
⤵️,curve-down,egevu,setback,the arrow turns downward; a setback puts progress back,,
🔃,reload,eredu,cycle,reload arrows go in a circle; cycle repeats round and round,,round; season
🔄,refresh,areve,turn,refresh arrows spin around; a turn is going around,,spin; twist; bend
🛐,worship,eweho,devotion,worship symbol marks sacred practice; devotion is committed reverence,,devote
⚛️,atom,adawa,fundamental,atom is basic building block; fundamental is core underlying part,,element; nuclear; core; radical; basic
🕉️,om,omaha,spirituality,om symbol marks sacred sound; spirituality is inner sacred life,,spirit; soul
✡️,star-of-david,avaho,,,,
☸️,dharma-wheel,adewe,,,,
☯️,yin-yang,eye,balance,yin yang holds opposing halves; balance is equal halves,,proportion
✝️,crucifix,uguve,,,,
☦️,orthodox-cross,orava,,,,
☪️,star-crescent,ozada,,,,
☮️,peace,ebeze,forgiveness,making peace after a quarrel; forgiveness lets a wrong go,,
🕎,menorah,amavu,,,,
🪯,khanda,agodu,,,,
♈,aries,erezu,impulse,aries charges as the first sign; impulse is sudden forward drive,,urge
♉,taurus,odoza,,,,
♊,gemini,ehu,duality,gemini twins mirror two sides; duality is two sides together,,twin
♋,cancer,agazu,,,,
♌,leo,elehe,,,,
♍,virgo,evago,,,,
♎,libra,elaba,fairness,the scales weigh evenly; fairness is treating sides evenly,,fair; reasonable
♏,scorpio,ozago,,,,
♐,sagittarius,uzade,,,,
♑,capricorn,agebo,ambition,capricorn climbs the steep peak; ambition rises above the ordinary,,
♒,aquarius,agewe,,,,
♓,pisces,obaze,empathy,pisces flows with others feelings; empathy is feeling with another,,
⛎,ophiuchus,ovega,,,,
🔀,shuffle,aheva,randomness,shuffle mixes order unpredictably; randomness is without fixed order,,random
🔁,repeat,erebe,repetition,repeat plays the same again; repetition is doing again,m.h:again,
🔂,repeat-one,arebe,,,,
▶️,play-button,ebeha,commencement,play button begins the action; start is setting in motion,,
⏩,fast-forward,avazo,speed,fast-forward plays things faster; speed is how fast,m.h:quickly,quick; rapidly; rapid; fast; prompt
⏭️,next-track,enega,skip,next track jumps past this one; skip is passing over current,,
⏯️,play-pause,obozo,,,,
◀️,backward,aboge,reverse,backward plays opposite direction; reverse is going opposite direction,,
⏪,rewind,erewa,backtrack,double rewind jumps back; backtrack is revisiting earlier,,
⏮️,previous-track,ebave,,,,previous
⏫,up,abaha,rise,double-up chevron is skyward; rise is moving upward,,arise; boost
⏬,down,adahe,decline,double-down chevron is toward the pull; to decline is to move downward,v:fall,decrease; low; drop
⏸️,pause,obozu,hiatus,pause halts playback; hiatus is a temporary halt,,suspend
⏺️,record,eru,preservation,record button captures now; preservation is the unobservable keeping-across-time,,tape; preserve; retain
⏏️,eject,ahego,removal,eject pushes media out; removal is forcing outward exit,,extract
🎦,cinema,ezaze,make-believe,cinema shows a film; make-believe is the unobservable as-if,,imagination; pretend
🔆,bright,abawe,amplify,bright raises the brightness; amplify is making louder or brighter,v:shine,
📶,signal,ezego,evidence,signal bars show what gets through; evidence is what supports a claim,,sign; prove; indication; indicate
🛜,wireless,awaza,connectivity,wireless means connectivity,,online
📳,vibrate,avobe,,,,shake
📴,phone-off,ovaha,disconnection,phone off breaks the link; disconnection is link broken,,
♀️,female,eveva,feminine,female symbol marks woman gender; feminine is woman-associated quality,,
♂️,male,emehe,masculine,male symbol marks man gender; masculine is man-associated quality,,
⚧️,transgender,adohe,,,,
✖️,multiply,amado,negation,multiply sign marks crossing out; negation is saying not so,,
➕,plus,abavo,addition,plus adds one thing to another; addition is joining more in,,add; positive; sum; gain
➖,minus,amaho,subtraction,minus takes one thing away; subtraction is taking away from,,negative; reduction
➗,divide,adeva,,,,separate; split
🟰,equals,egawa,equality,both sides equal; equality is equal standing,,peer; equivalent; equation
♾️,infinity,oneve,boundlessness,infinity loop never closes; boundlessness is the unobservable without-limit,,
‼️,bang,abawo,,,,strike; knock; hit; snap
⁉️,interrobang,unede,,,,
❓,question-mark,egewe,possibility,a questionmark marks the open case; possibility is maybe-so,,theory; hypothesis
❗,exclamation,egaza,importance,an exclamation calls attention; importance is mattering,,crucial; significance
〰️,squiggle,ezogo,hesitation,a squiggle trails off uncertainly; hesitation is holding back action,,hesitate; curve
💱,currency-exchange,oge,convertibility,currency arrows swap one for another; exchange is swapping between sides,,interpret; translate
⚕️,medical,emede,,,,clinical
♻️,recycle,eraza,reuse,recycle arrows loop material back; reuse is using again,,
⚜️,fleur-de-lis,eleza,,,,
🔱,trident,adaye,,,,
📛,name-tag,aneda,identification,a nametag shows who you are; identification is naming who someone is,,name; identify
🔰,begin,ebege,inception,shoshin mark means just starting; inception is the unobservable start-kind,,found; trigger
⭕,correct,egega,inclusion,hollow circle marks round boundary; inclusion is being inside the boundary,,proper; right; incorporate
✅,check,eha,decision,checkmark marks a confirmed pick; decision is a settled choice with revisability,,conclude; determine; ensure
❌,cross,ogoza,rejection,cross mark means no wrong; rejection is refused as wrong,,
➰,loop,uluba,recurrence,curly loop circles back; repetition is returning to the start,,
©️,copyright,egabe,ownership,copyright marks legal control; ownership is legal right to control,,possess; possession; own; property
®️,registered,erehu,,,,registration
™️,trademark,edede,claim,trademark claims brand identity; claim is asserting as yours,,brand
🫟,splatter,azabo,disorder,splatter makes a mess; disorder is the unobservable lack of order,,mess; stain
#️⃣,hash,aheho,topic,hash marks a topic,,issue; theme; matter; subject
*️⃣,asterisk,azodu,wildcard,asterisk marks a wildcard,,
🔠,upper-case,abevo,,,,
🔡,lower-case,oloha,casualness,lowercase feels casual,,
🔢,numbers,anabe,quantification,numbers enable quantification,,mathematics
🔣,symbols,ezezu,notation,symbols are notation,,code
🔤,letters,eleda,literacy,letters build literacy,,literary
ℹ️,information,eneve,fact,the info sign gives facts; a fact is what is actually so,,data; inform
🅿️,parking,abege,allotment,parking marks a stall; allotment is the unobservable assigned share,,assign
🆘,sos,ezaha,distress,sos signals distress,,
🔴,red,ereda,,,,
🟠,orange,oraha,,,,
🟡,yellow,eyaye,caution,yellow circle warns slow down; caution is careful awareness,,
🟢,green,ega,permission,green circle signals go ahead; permission is allowed to proceed,,license
🔵,blue,ubuha,,,,
🟣,purple,ebebu,royalty,purple circle marks regal hue; royalty is high noble rank,,
🟤,brown,abawa,earthiness,brown circle is soil and wood; earthiness is plain grounded quality,,
⚫,black,abago,,,,
⚪,white,awada,,,,pale
🟫,ground,agudu,,,,soil; background; land
🟩,field,evewu,,,,
🩶,gray,egage,,,,
⬛,black-square,ezage,,,,square
⬜,white-square,awaze,blank,white square is open empty block; blank is without mark yet,,space
🔺,triangle,adawe,radian,triangle marks an angle wedge; radian is the SI plane-angle unit,,angle
🔻,down-triangle,adoda,corner,a triangle ends in a point; a corner is where two edges meet,,vertex
🔘,option,abehu,selection,radio button marks one chosen; selection is picking one option,,button; select; filter
🏁,finish-line,eveha,terminus,checkered flag marks finish,,term
🚩,sport,ozobo,alarm,red flag raises warning,,
🏴,flag,avago,anarchy,black flag suggests anarchy,,
🏳️,parley,abayo,surrender,white flag means surrender,,
🏳️‍🌈,homosexual,ohoze,pride,rainbow flag shows pride,,gay
🏳️‍⚧️,transgender-flag,aduhe,,,,
🏴‍☠️,robbery,abeba,exploitation,the pirate flag signals open robbery; exploitation is taking through power without visible force,v:rob; m.v:exploit,
🇦🇨,ascension-island,azeho,,,,
🇦🇩,andorra,anodo,andorran,andorra people are andorran,,
🇦🇪,uae,uyuha,emirati,uae people are emirati,,
🇦🇫,afghanistan,evaga,afghan,afghanistan people are afghan,,
🇦🇬,antigua,onede,antiguan,antigua people are antiguan,,
🇦🇮,anguilla,anewe,anguillan,anguilla people are anguillan,,
🇦🇱,albania,alebe,albanian,albania people are albanian,,
🇦🇲,armenia,areha,armenian,armenia people are armenian,,
🇦🇴,angola,anogo,angolan,angola people are angolan,,
🇦🇶,antarctica,enada,,,,
🇦🇷,argentina,arede,argentinian,argentina people are argentinian,,
🇦🇸,american-samoa,amege,american-samoan,american samoa people are american-samoan,,
🇦🇹,austria,ozade,austrian,austria people are austrian,,
🇦🇺,australia,ozede,australian,australia people are australian,,
🇦🇼,aruba,ebaho,aruban,aruba people are aruban,,
🇦🇽,aland-islands,alodo,,,,
🇦🇿,azerbaijan,azoha,azerbaijani,azerbaijan people are azerbaijani,,
🇧🇦,bosnia,ubaze,bosnian,bosnia people are bosnian,,
🇧🇧,barbados,abube,barbadian,barbados people are barbadian,,
🇧🇩,bangladesh,abudu,bangladeshi,bangladesh people are bangladeshi,,
🇧🇪,belgium,ebube,belgian,belgium people are belgian,,
🇧🇫,burkina-faso,ebogo,burkinabe,burkina faso people are burkinabe,,
🇧🇬,bulgaria,obuge,bulgarian,bulgaria people are bulgarian,,
🇧🇭,bahrain,abohu,bahraini,bahrain people are bahraini,,
🇧🇮,burundi,obede,burundian,burundi people are burundian,,
🇧🇯,benin,ebavo,beninese,benin people are beninese,,
🇧🇱,st-barthelemy,ubave,,,,
🇧🇲,bermuda,abeyu,bermudian,bermuda people are bermudian,,
🇧🇳,brunei,ubuvo,bruneian,brunei people are bruneian,,
🇧🇴,bolivia,abuve,bolivian,bolivia people are bolivian,,
🇧🇶,caribbean-netherlands,egebe,dutch-caribbean,caribbean netherlands people are dutch-caribbean,,
🇧🇷,brazil,aboze,brazilian,brazil people are brazilian,,
🇧🇸,bahamas,abuha,bahamian,bahamas people are bahamian,,
🇧🇹,bhutan,obuda,bhutanese,bhutan people are bhutanese,,
🇧🇻,bouvet-island,ebuve,,,,
🇧🇼,botswana,obaza,botswanan,botswana people are botswanan,,
🇧🇾,belarus,ebazo,belarusian,belarus people are belarusian,,
🇧🇿,belize,ebaza,belizean,belize people are belizean,,
🇨🇦,canada,agage,canadian,canada people are canadian,,
🇨🇨,cocos-islands,ogogo,,,,
🇨🇩,congo-kinshasa,egoha,congolese,congo kinshasa people are congolese,,
🇨🇫,central-african-republic,arago,central-african,central african republic people are central-african,,
🇨🇬,congo,egago,,,,
🇨🇭,switzerland,ezawe,swiss,switzerland people are swiss,,
🇨🇮,cote-d-ivoire,adewa,ivorian,cote d ivoire people are ivorian,,
🇨🇰,cook-islands,ugugu,cook-islander,cook islands people are cook-islander,,
🇨🇱,chile,eheya,chilean,chile people are chilean,,
🇨🇲,cameroon,agewu,cameroonian,cameroon people are cameroonian,,
🇨🇳,china,ahahu,chinese,china people are chinese,,
🇨🇴,colombia,egobe,colombian,colombia people are colombian,,
🇨🇵,clipperton-island,aluda,,,,
🇨🇶,sark,azayu,,,,
🇨🇷,costa-rica,ogozu,costa-rican,costa rica people are costa-rican,,
🇨🇺,cuba,uguyu,cuban,cuba people are cuban,,
🇨🇻,cape-verde,egebu,cape-verdean,cape verde people are cape-verdean,,
🇨🇼,curacao,eguyu,curacaoan,curacao people are curacaoan,,
🇨🇽,christmas-island,alade,,,,
🇨🇾,cyprus,azebu,cypriot,cyprus people are cypriot,,
🇨🇿,czechia,ehage,czech,czechia people are czech,,
🇩🇪,germany,ehehe,german,germany people are german,,
🇩🇬,diego-garcia,edego,,,,
🇩🇯,djibouti,ehabu,djiboutian,djibouti people are djiboutian,,
🇩🇰,denmark,edeya,danish,denmark people are danish,,
🇩🇲,dominica,adoga,,,,
🇩🇴,dominican-republic,areba,dominican,dominican republic people are dominican,,
🇩🇿,algeria,alehe,algerian,algeria people are algerian,,
🇪🇦,ceuta,ezado,,,,
🇪🇨,ecuador,egawe,ecuadorian,ecuador people are ecuadorian,,
🇪🇪,estonia,ezodo,estonian,estonia people are estonian,,
🇪🇬,egypt,ehaba,egyptian,egypt people are egyptian,,
🇪🇭,western-sahara,azohe,sahrawi,western sahara people are sahrawi,,
🇪🇷,eritrea,erode,eritrean,eritrea people are eritrean,,
🇪🇸,spain,ezabe,spanish,spain people are spanish,,
🇪🇹,ethiopia,avebe,ethiopian,ethiopia people are ethiopian,,
🇪🇺,european-union,uyube,european,european union people are european,,
🇫🇮,finland,evewo,finnish,finland people are finnish,,
🇫🇯,fiji,evahe,fijian,fiji people are fijian,,
🇫🇰,falkland-islands,ovoga,falklander,falkland islands people are falklander,,
🇫🇲,micronesia,umago,micronesian,micronesia people are micronesian,,
🇫🇴,faroe-islands,alodu,faroese,faroe islands people are faroese,,
🇫🇷,france,avaza,french,france people are french,,
🇬🇦,gabon,aguba,gabonese,gabon people are gabonese,,
🇬🇧,uk,uyuge,british,uk people are british,,
🇬🇩,grenada,egeyu,grenadian,grenada people are grenadian,,
🇬🇪,georgia,ohohe,georgian,georgia people are georgian,,
🇬🇫,french-guiana,evage,guianese,french guiana people are guianese,,
🇬🇬,guernsey,eguze,guernseyman,guernsey peopole are guernseyman,,
🇬🇭,ghana,agewo,ghanaian,ghana people are ghanaian,,
🇬🇮,gibraltar,ahebo,gibraltarian,gibraltar people are gibraltarian,,
🇬🇱,greenland,egedu,greenlandic,greenland people are greenlandic,,
🇬🇲,gambia,ugabe,gambian,gambia people are gambian,,
🇬🇳,guinea,egeve,guinean,guinea people are guinean,,
🇬🇵,guadeloupe,aguwa,guadeloupean,guadeloupe people are guadeloupean,,
🇬🇶,equatorial-guinea,egeyo,equatorial-guinean,equatorial guinea people are equatorial-guinean,,
🇬🇷,greece,egezo,greek,greece people are greek,,
🇬🇸,south-georgia,ohoho,,,,
🇬🇹,guatemala,agewa,guatemalan,guatemala people are guatemalan,,
🇬🇺,guam,agowa,guamanian,guam people are guamanian,,
🇬🇼,guinea-bissau,eboza,bissau-guinean,guinea bissau people are bissau-guinean,,
🇬🇾,guyana,ageya,guyanese,guyana people are guyanese,,
🇭🇰,hong-kong,ohogo,hongkonger,hong kong people are hongkonger,,
🇭🇲,heard-island,eheda,,,,
🇭🇳,honduras,ahedu,honduran,honduras people are honduran,,
🇭🇷,croatia,ogoho,croatian,croatia people are croatian,,
🇭🇹,haiti,ehade,haitian,haiti people are haitian,,
🇭🇺,hungary,ahoge,hungarian,hungary people are hungarian,,
🇮🇨,canary-islands,aledo,canarian,canary islands people are canarian,,
🇮🇩,indonesia,eneho,indonesian,indonesia people are indonesian,,
🇮🇪,ireland,aleda,irish,ireland people are irish,,
🇮🇱,israel,ezewa,israeli,israel people are israeli,,
🇮🇲,isle-of-man,alawa,manx,isle of man people are manx,,
🇮🇳,india,enede,indian,india people are indian,,
🇮🇴,chagos,ahogo,,,,
🇮🇶,iraq,eraga,iraqi,iraq people are iraqi,,
🇮🇷,iran,erahe,iranian,iran people are iranian,,
🇮🇸,iceland,azodo,icelandic,iceland people are icelandic,,
🇮🇹,italy,edaha,italian,italy people are italian,,
🇯🇪,jersey,ehezu,jerseyman,jersey people are jerseyman,,
🇯🇲,jamaica,ahega,jamaican,jamaica people are jamaican,,
🇯🇴,jordan,ohoda,jordanian,jordan people are jordanian,,
🇯🇵,japan,aheba,japanese,japan people are japanese,,
🇰🇪,kenya,egeya,kenyan,kenya people are kenyan,,
🇰🇬,kyrgyzstan,egegu,kyrgyz,kyrgyzstan people are kyrgyz,,
🇰🇭,cambodia,agobo,cambodian,cambodia people are cambodian,,
🇰🇮,kiribati,egoba,i-kiribati,kiribati people are i-kiribati,,
🇰🇲,comoros,ogova,comoran,comoros people are comoran,,
🇰🇳,st-kitts,egado,kittitian,st kitts people are kittitian,,
🇰🇵,north-korea,onovo,north-korean,north korea people are north-korean,,
🇰🇷,south-korea,azevo,korean,south korea people are korean,,
🇰🇼,kuwait,uguwe,kuwaiti,kuwait people are kuwaiti,,
🇰🇾,cayman-islands,aledu,caymanian,cayman islands people are caymanian,,
🇰🇿,kazakhstan,agezu,kazakh,kazakhstan people are kazakh,,
🇱🇦,laos,alazo,laotian,laos people are laotian,,
🇱🇧,lebanon,alebo,lebanese,lebanon people are lebanese,,
🇱🇨,st-lucia,azedu,saint-lucian,st lucia people are saint-lucian,,
🇱🇮,liechtenstein,elegu,liechtensteiner,liechtenstein people are liechtensteiner,,
🇱🇰,sri-lanka,ezeyo,sri-lankan,sri lanka people are sri-lankan,,
🇱🇷,liberia,alobe,liberian,liberia people are liberian,,
🇱🇸,lesotho,elezo,basotho,lesotho people are basotho,,
🇱🇹,lithuania,elewe,lithuanian,lithuania people are lithuanian,,
🇱🇺,luxembourg,alagu,luxembourgish,luxembourg people are luxembourgish,,
🇱🇻,latvia,ulade,latvian,latvia people are latvian,,
🇱🇾,libya,elabe,libyan,libya people are libyan,,
🇲🇦,morocco,emago,moroccan,morocco people are moroccan,,
🇲🇨,monaco,amogo,monacan,monaco people are monacan,,
🇲🇩,moldova,amodo,moldovan,moldova people are moldovan,,
🇲🇪,montenegro,amadu,montenegrin,montenegro people are montenegrin,,
🇲🇫,st-martin,azeda,,,,
🇲🇬,madagascar,amoga,malagasy,madagascar people are malagasy,,
🇲🇭,marshall-islands,amahe,marshallese,marshall islands people are marshallese,,
🇲🇰,north-macedonia,amedo,macedonian,north macedonia people are macedonian,,
🇲🇱,mali,amavo,malian,mali people are malian,,
🇲🇲,myanmar,amaya,burmese,myanmar people are burmese,,
🇲🇳,mongolia,amugo,mongolian,mongolia people are mongolian,,
🇲🇴,macao,amuga,macanese,macao people are macanese,,
🇲🇵,northern-mariana-islands,anadu,mariana-islander,northern mariana islands people are mariana-islander,,
🇲🇶,martinique,amude,martiniquan,martinique people are martiniquan,,
🇲🇷,mauritania,emode,mauritanian,mauritania people are mauritanian,,
🇲🇸,montserrat,amuze,montserratian,montserrat people are montserratian,,
🇲🇹,malta,omodo,maltese,malta people are maltese,,
🇲🇺,mauritius,amode,mauritian,mauritius people are mauritian,,
🇲🇻,maldives,omodu,maldivian,maldives people are maldivian,,
🇲🇼,malawi,amawe,malawian,malawi people are malawian,,
🇲🇽,mexico,emege,mexican,mexico people are mexican,,
🇲🇾,malaysia,ameho,malaysian,malaysia people are malaysian,,
🇲🇿,mozambique,omoza,mozambican,mozambique people are mozambican,,
🇳🇦,namibia,anobe,namibian,namibia people are namibian,,
🇳🇨,new-caledonia,unuga,new-caledonian,new caledonia people are new-caledonian,,
🇳🇪,niger,anaha,nigerien,niger people are nigerien,,
🇳🇫,norfolk-island,onoga,norfolk-islander,norfolk island people are norfolk-islander,,
🇳🇬,nigeria,anahe,nigerian,nigeria people are nigerian,,
🇳🇮,nicaragua,enege,nicaraguan,nicaragua people are nicaraguan,,
🇳🇱,netherlands,eneva,dutch,netherlands people are dutch,,
🇳🇴,norway,onowe,norwegian,norway people are norwegian,,
🇳🇵,nepal,anabo,nepali,nepal people are nepali,,
🇳🇷,nauru,anaho,nauruan,nauru people are nauruan,,
🇳🇺,niue,enehu,niuean,niue people are niuean,,
🇳🇿,new-zealand,anuze,new-zealander,new zealand people are new-zealander,,
🇴🇲,oman,omahe,omani,oman people are omani,,
🇵🇦,panama,abeya,panamanian,panama people are panamanian,,
🇵🇪,peru,abewu,peruvian,peru people are peruvian,,
🇵🇫,french-polynesia,evebu,polynesian,french polynesia people are polynesian,,
🇵🇬,papua-new-guinea,unuha,papuan,papua new guinea people are papuan,,
🇵🇭,philippines,evebo,filipino,philippines people are filipino,,
🇵🇰,pakistan,ubage,pakistani,pakistan people are pakistani,,
🇵🇱,poland,obode,polish,poland people are polish,,
🇵🇲,st-pierre,ezeye,,,,
🇵🇳,pitcairn-islands,ubede,pitcairn-islander,pitcairn islands people are pitcairn-islander,,
🇵🇷,puerto-rico,ebawe,puerto-rican,puerto rico people are puerto-rican,,
🇵🇸,palestine,abuza,palestinian,palestine people are palestinian,,
🇵🇹,portugal,oboge,portuguese,portugal people are portuguese,,
🇵🇼,palau,abovo,palauan,palau people are palauan,,
🇵🇾,paraguay,ubege,paraguayan,paraguay people are paraguayan,,
🇶🇦,qatar,egada,qatari,qatar people are qatari,,
🇷🇪,reunion,ereya,reunionese,reunion people are reunionese,,
🇷🇴,romania,orohe,romanian,romania people are romanian,,
🇷🇸,serbia,ezube,serbian,serbia people are serbian,,
🇷🇺,russia,araho,russian,russia people are russian,,
🇷🇼,rwanda,arawa,rwandan,rwanda people are rwandan,,
🇸🇦,saudi-arabia,orebe,saudi,saudi arabia people are saudi,,
🇸🇧,solomon-islands,azazu,solomon-islander,solomon islands people are solomon-islander,,
🇸🇨,seychelles,ezahe,seychellois,seychelles people are seychellois,,
🇸🇩,sudan,ezuda,sudanese,sudan people are sudanese,,
🇸🇪,sweden,ezewo,swedish,sweden people are swedish,,
🇸🇬,singapore,azebo,singaporean,singapore people are singaporean,,
🇸🇭,st-helena,ezedu,saint-helenian,st helena people are saint-helenian,,
🇸🇮,slovenia,ezove,slovenian,slovenia people are slovenian,,
🇸🇯,svalbard,azuva,,,,
🇸🇰,slovakia,ezova,slovak,slovakia people are slovak,,
🇸🇱,sierra-leone,eleve,sierra-leonean,sierra leone people are sierra-leonean,,
🇸🇲,san-marino,amoza,sammarinese,san marino people are sammarinese,,
🇸🇳,senegal,ozego,senegalese,senegal people are senegalese,,
🇸🇴,somalia,azaya,somali,somalia people are somali,,
🇸🇷,suriname,ezoze,surinamese,suriname people are surinamese,,
🇸🇸,south-sudan,uzuda,south-sudanese,south sudan people are south-sudanese,,
🇸🇹,sao-tome,azayo,sao-tomean,sao tome people are sao-tomean,,
🇸🇻,el-salvador,elaza,salvadoran,el salvador people are salvadoran,,
🇸🇽,sint-maarten,amawa,sint-maartener,sint maarten people are sint-maartener,,
🇸🇾,syria,ezeya,syrian,syria people are syrian,,
🇸🇿,eswatini,ezawa,swazi,eswatini people are swazi,,
🇹🇦,tristan-da-cunha,aduda,,,,
🇹🇨,turks-caicos,egego,turks-islander,turks caicos people are turks-islander,,
🇹🇩,chad,ahedo,chadian,chad people are chadian,,
🇹🇫,french-southern-territories,azuve,,,,
🇹🇬,togo,odogo,togolese,togo people are togolese,,
🇹🇭,thailand,adavu,thai,thailand people are thai,,
🇹🇯,tajikistan,udahe,tajik,tajikistan people are tajik,,
🇹🇰,tokelau,odoge,tokelauan,tokelau people are tokelauan,,
🇹🇱,timor-leste,elezu,timorese,timor leste people are timorese,,
🇹🇲,turkmenistan,edoge,turkmen,turkmenistan people are turkmen,,
🇹🇳,tunisia,uduhu,tunisian,tunisia people are tunisian,,
🇹🇴,tonga,adayo,tongan,tonga people are tongan,,
🇹🇷,turkiye,edegu,turkish,turkiye people are turkish,,
🇹🇹,trinidad,edeyo,trinidadian,trinidad people are trinidadian,,
🇹🇻,tuvalu,uduvo,tuvaluan,tuvalu people are tuvaluan,,
🇹🇼,taiwan,adawu,taiwanese,taiwan people are taiwanese,,
🇹🇿,tanzania,aduze,tanzanian,tanzania people are tanzanian,,
🇺🇦,ukraine,ayuge,ukrainian,ukraine people are ukrainian,,
🇺🇬,uganda,uyuga,ugandan,uganda people are ugandan,,
🇺🇲,us-outlying-islands,uyuza,,,,
🇺🇳,un,uyayu,,,,
🇺🇸,usa,uyuze,american,usa people are american,,
🇺🇾,uruguay,eyege,uruguayan,uruguay people are uruguayan,,
🇺🇿,uzbekistan,uzebe,uzbek,uzbekistan people are uzbek,,
🇻🇦,vatican,avede,,,,
🇻🇨,st-vincent,evezo,vincentian,st vincent people are vincentian,,
🇻🇪,venezuela,avewe,venezuelan,venezuela people are venezuelan,,
🇻🇬,british-virgin-islands,avehe,british-virgin-islander,british virgin islands people are british-virgin-islander,,
🇻🇮,us-virgin-islands,uyuve,us-virgin-islander,us virgin islands people are us-virgin-islander,,
🇻🇳,vietnam,aveda,vietnamese,vietnam people are vietnamese,,
🇻🇺,vanuatu,avedu,vanuatuan,vanuatu people are vanuatuan,,
🇼🇫,wallis,owoza,wallisian,wallis people are wallisian,,
🇼🇸,samoa,azehu,samoan,samoa people are samoan,,
🇽🇰,kosovo,agozo,kosovar,kosovo people are kosovar,,
🇾🇪,yemen,eyehe,yemeni,yemen people are yemeni,,
🇾🇹,mayotte,amedu,mahoran,mayotte people are mahoran,,
🇿🇦,south-africa,azavo,south-african,south africa people are south-african,,
🇿🇲,zambia,azobe,zambian,zambia people are zambian,,
🇿🇼,zimbabwe,ezaba,zimbabwean,zimbabwe people are zimbabwean,,
🏴󠁧󠁢󠁥󠁮󠁧󠁿,england,enaga,english,flag of England; English is its demonym,,
🏴󠁧󠁢󠁳󠁣󠁴󠁿,scotland,azago,scottish,flag of Scotland; Scottish is its demonym,,
🏴󠁧󠁢󠁷󠁬󠁳󠁿,wales,ewezo,welsh,flag of Wales; Welsh is its demonym,,
🆕,new-button,unuhe,novelty,a new button flags fresh arrivals; novelty is being new,,
🏘️,houses,ahezo,town,houses in a cluster form a town; a town is a small settled place,,
🤏,pinch,eboho,inch,a pinch of fingers spans about an inch; an inch is a small unit of length,,
🏚️,derelict-house,ahezu,ruin,a derelict house shows decay; ruin is lasting damage,,
